2026-05-07 11:32:52 [background-preinit] INFO  o.h.validator.internal.util.Version - HV000001: Hibernate Validator 8.0.2.Final
2026-05-07 11:32:52 [main] INFO  com.r2s.auth.AuthServiceApplication - Starting AuthServiceApplication using Java 21.0.9 with PID 24544 (D:\HOME-HAN\FPT\R2S\OJT\user-access-management\auth-service\target\classes started by MY PC in D:\HOME-HAN\FPT\R2S\OJT\user-access-management\auth-service)
2026-05-07 11:32:52 [main] DEBUG com.r2s.auth.AuthServiceApplication - Running with Spring Boot v3.4.4, Spring v6.2.5
2026-05-07 11:32:52 [main] INFO  com.r2s.auth.AuthServiceApplication - The following 1 profile is active: "dev"
2026-05-07 11:32:53 [main] INFO  o.s.d.r.c.RepositoryConfigurationDelegate - Bootstrapping Spring Data JPA repositories in DEFAULT mode.
2026-05-07 11:32:53 [main] INFO  o.s.d.r.c.RepositoryConfigurationDelegate - Finished Spring Data repository scanning in 33 ms. Found 1 JPA repository interface.
2026-05-07 11:32:54 [main] INFO  o.s.b.w.e.tomcat.TomcatWebServer - Tomcat initialized with port 8081 (http)
2026-05-07 11:32:54 [main] INFO  o.a.coyote.http11.Http11NioProtocol - Initializing ProtocolHandler ["http-nio-8081"]
2026-05-07 11:32:54 [main] INFO  o.a.catalina.core.StandardService - Starting service [Tomcat]
2026-05-07 11:32:54 [main] INFO  o.a.catalina.core.StandardEngine - Starting Servlet engine: [Apache Tomcat/10.1.39]
2026-05-07 11:32:54 [main] INFO  o.a.c.c.C.[Tomcat].[localhost].[/] - Initializing Spring embedded WebApplicationContext
2026-05-07 11:32:54 [main] INFO  o.s.b.w.s.c.ServletWebServerApplicationContext - Root WebApplicationContext: initialization completed in 1386 ms
2026-05-07 11:32:54 [main] INFO  com.zaxxer.hikari.HikariDataSource - HikariPool-1 - Starting...
2026-05-07 11:32:54 [main] INFO  com.zaxxer.hikari.pool.HikariPool - HikariPool-1 - Added connection org.postgresql.jdbc.PgConnection@7827d7b
2026-05-07 11:32:54 [main] INFO  com.zaxxer.hikari.HikariDataSource - HikariPool-1 - Start completed.
2026-05-07 11:32:54 [main] INFO  org.flywaydb.core.FlywayExecutor - Database: jdbc:postgresql://localhost:5432/auth-service (PostgreSQL 18.3)
2026-05-07 11:32:54 [main] WARN  o.f.c.i.database.base.Database - Flyway upgrade recommended: PostgreSQL 18.3 is newer than this version of Flyway and support has not been tested. The latest supported version of PostgreSQL is 17.
2026-05-07 11:32:54 [main] INFO  o.f.c.i.s.JdbcTableSchemaHistory - Schema history table "public"."flyway_schema_history" does not exist yet
2026-05-07 11:32:54 [main] INFO  o.f.core.internal.command.DbValidate - Successfully validated 1 migration (execution time 00:00.025s)
2026-05-07 11:32:55 [main] ERROR o.s.b.w.e.tomcat.TomcatStarter - Error starting Tomcat context. Exception: org.springframework.beans.factory.UnsatisfiedDependencyException. Message: Error creating bean with name 'jwtFilter' defined in file [D:\HOME-HAN\FPT\R2S\OJT\user-access-management\auth-service\target\classes\com\r2s\auth\security\JwtFilter.class]: Unsatisfied dependency expressed through constructor parameter 1: Error creating bean with name 'customUserDetailsService' defined in file [D:\HOME-HAN\FPT\R2S\OJT\user-access-management\auth-service\target\classes\com\r2s\auth\security\CustomUserDetailsService.class]: Unsatisfied dependency expressed through constructor parameter 0: Error creating bean with name 'userRepository' defined in com.r2s.auth.repository.UserRepository defined in @EnableJpaRepositories declared on JpaRepositoriesRegistrar.EnableJpaRepositoriesConfiguration: Cannot resolve reference to bean 'jpaSharedEM_entityManagerFactory' while setting bean property 'entityManager'
2026-05-07 11:32:55 [main] INFO  o.a.catalina.core.StandardService - Stopping service [Tomcat]
2026-05-07 11:32:55 [main] WARN  o.a.c.loader.WebappClassLoaderBase - The web application [ROOT] appears to have started a thread named [HikariPool-1 housekeeper] but has failed to stop it. This is very likely to create a memory leak. Stack trace of thread:
 java.base/jdk.internal.misc.Unsafe.park(Native Method)
 java.base/java.util.concurrent.locks.LockSupport.parkNanos(LockSupport.java:269)
 java.base/java.util.concurrent.locks.AbstractQueuedSynchronizer$ConditionObject.awaitNanos(AbstractQueuedSynchronizer.java:1763)
 java.base/java.util.concurrent.ScheduledThreadPoolExecutor$DelayedWorkQueue.take(ScheduledThreadPoolExecutor.java:1182)
 java.base/java.util.concurrent.ScheduledThreadPoolExecutor$DelayedWorkQueue.take(ScheduledThreadPoolExecutor.java:899)
 java.base/java.util.concurrent.ThreadPoolExecutor.getTask(ThreadPoolExecutor.java:1070)
 java.base/java.util.concurrent.ThreadPoolExecutor.runWorker(ThreadPoolExecutor.java:1130)
 java.base/java.util.concurrent.ThreadPoolExecutor$Worker.run(ThreadPoolExecutor.java:642)
 java.base/java.lang.Thread.run(Thread.java:1583)
2026-05-07 11:32:55 [main] WARN  o.a.c.loader.WebappClassLoaderBase - The web application [ROOT] appears to have started a thread named [HikariPool-1 connection adder] but has failed to stop it. This is very likely to create a memory leak. Stack trace of thread:
 java.base/java.lang.Thread.sleep0(Native Method)
 java.base/java.lang.Thread.sleep(Thread.java:509)
 com.zaxxer.hikari.util.UtilityElf.quietlySleep(UtilityElf.java:53)
 com.zaxxer.hikari.pool.HikariPool$PoolEntryCreator.call(HikariPool.java:729)
 com.zaxxer.hikari.pool.HikariPool$PoolEntryCreator.call(HikariPool.java:703)
 java.base/java.util.concurrent.FutureTask.run(FutureTask.java:317)
 java.base/java.util.concurrent.ThreadPoolExecutor.runWorker(ThreadPoolExecutor.java:1144)
 java.base/java.util.concurrent.ThreadPoolExecutor$Worker.run(ThreadPoolExecutor.java:642)
 java.base/java.lang.Thread.run(Thread.java:1583)
2026-05-07 11:32:55 [main] WARN  o.s.b.w.s.c.AnnotationConfigServletWebServerApplicationContext - Exception encountered during context initialization - cancelling refresh attempt: org.springframework.context.ApplicationContextException: Unable to start web server
2026-05-07 11:32:55 [main] INFO  com.zaxxer.hikari.HikariDataSource - HikariPool-1 - Shutdown initiated...
2026-05-07 11:32:55 [main] INFO  com.zaxxer.hikari.HikariDataSource - HikariPool-1 - Shutdown completed.
2026-05-07 11:32:55 [main] INFO  o.s.b.a.l.ConditionEvaluationReportLogger - 

Error starting ApplicationContext. To display the condition evaluation report re-run your application with 'debug' enabled.
2026-05-07 11:32:55 [main] ERROR o.s.boot.SpringApplication - Application run failed
org.springframework.context.ApplicationContextException: Unable to start web server
	at org.springframework.boot.web.servlet.context.ServletWebServerApplicationContext.onRefresh(ServletWebServerApplicationContext.java:170)
	at org.springframework.context.support.AbstractApplicationContext.refresh(AbstractApplicationContext.java:621)
	at org.springframework.boot.web.servlet.context.ServletWebServerApplicationContext.refresh(ServletWebServerApplicationContext.java:146)
	at org.springframework.boot.SpringApplication.refresh(SpringApplication.java:752)
	at org.springframework.boot.SpringApplication.refreshContext(SpringApplication.java:439)
	at org.springframework.boot.SpringApplication.run(SpringApplication.java:318)
	at org.springframework.boot.SpringApplication.run(SpringApplication.java:1361)
	at org.springframework.boot.SpringApplication.run(SpringApplication.java:1350)
	at com.r2s.auth.AuthServiceApplication.main(AuthServiceApplication.java:11)
Caused by: org.springframework.boot.web.server.WebServerException: Unable to start embedded Tomcat
	at org.springframework.boot.web.embedded.tomcat.TomcatWebServer.initialize(TomcatWebServer.java:147)
	at org.springframework.boot.web.embedded.tomcat.TomcatWebServer.<init>(TomcatWebServer.java:107)
	at org.springframework.boot.web.embedded.tomcat.TomcatServletWebServerFactory.getTomcatWebServer(TomcatServletWebServerFactory.java:517)
	at org.springframework.boot.web.embedded.tomcat.TomcatServletWebServerFactory.getWebServer(TomcatServletWebServerFactory.java:219)
	at org.springframework.boot.web.servlet.context.ServletWebServerApplicationContext.createWebServer(ServletWebServerApplicationContext.java:193)
	at org.springframework.boot.web.servlet.context.ServletWebServerApplicationContext.onRefresh(ServletWebServerApplicationContext.java:167)
	... 8 common frames omitted
Caused by: org.springframework.beans.factory.UnsatisfiedDependencyException: Error creating bean with name 'jwtFilter' defined in file [D:\HOME-HAN\FPT\R2S\OJT\user-access-management\auth-service\target\classes\com\r2s\auth\security\JwtFilter.class]: Unsatisfied dependency expressed through constructor parameter 1: Error creating bean with name 'customUserDetailsService' defined in file [D:\HOME-HAN\FPT\R2S\OJT\user-access-management\auth-service\target\classes\com\r2s\auth\security\CustomUserDetailsService.class]: Unsatisfied dependency expressed through constructor parameter 0: Error creating bean with name 'userRepository' defined in com.r2s.auth.repository.UserRepository defined in @EnableJpaRepositories declared on JpaRepositoriesRegistrar.EnableJpaRepositoriesConfiguration: Cannot resolve reference to bean 'jpaSharedEM_entityManagerFactory' while setting bean property 'entityManager'
	at org.springframework.beans.factory.support.ConstructorResolver.createArgumentArray(ConstructorResolver.java:804)
	at org.springframework.beans.factory.support.ConstructorResolver.autowireConstructor(ConstructorResolver.java:240)
	at org.springframework.beans.factory.support.AbstractAutowireCapableBeanFactory.autowireConstructor(AbstractAutowireCapableBeanFactory.java:1381)
	at org.springframework.beans.factory.support.AbstractAutowireCapableBeanFactory.createBeanInstance(AbstractAutowireCapableBeanFactory.java:1218)
	at org.springframework.beans.factory.support.AbstractAutowireCapableBeanFactory.doCreateBean(AbstractAutowireCapableBeanFactory.java:563)
	at org.springframework.beans.factory.support.AbstractAutowireCapableBeanFactory.createBean(AbstractAutowireCapableBeanFactory.java:523)
	at org.springframework.beans.factory.support.AbstractBeanFactory.lambda$doGetBean$0(AbstractBeanFactory.java:339)
	at org.springframework.beans.factory.support.DefaultSingletonBeanRegistry.getSingleton(DefaultSingletonBeanRegistry.java:347)
	at org.springframework.beans.factory.support.AbstractBeanFactory.doGetBean(AbstractBeanFactory.java:337)
	at org.springframework.beans.factory.support.AbstractBeanFactory.getBean(AbstractBeanFactory.java:207)
	at org.springframework.boot.web.servlet.ServletContextInitializerBeans.getOrderedBeansOfType(ServletContextInitializerBeans.java:211)
	at org.springframework.boot.web.servlet.ServletContextInitializerBeans.addAsRegistrationBean(ServletContextInitializerBeans.java:174)
	at org.springframework.boot.web.servlet.ServletContextInitializerBeans.addAsRegistrationBean(ServletContextInitializerBeans.java:169)
	at org.springframework.boot.web.servlet.ServletContextInitializerBeans.addAdaptableBeans(ServletContextInitializerBeans.java:154)
	at org.springframework.boot.web.servlet.ServletContextInitializerBeans.<init>(ServletContextInitializerBeans.java:87)
	at org.springframework.boot.web.servlet.context.ServletWebServerApplicationContext.getServletContextInitializerBeans(ServletWebServerApplicationContext.java:271)
	at org.springframework.boot.web.servlet.context.ServletWebServerApplicationContext.selfInitialize(ServletWebServerApplicationContext.java:245)
	at org.springframework.boot.web.embedded.tomcat.TomcatStarter.onStartup(TomcatStarter.java:52)
	at org.apache.catalina.core.StandardContext.startInternal(StandardContext.java:4467)
	at org.apache.catalina.util.LifecycleBase.start(LifecycleBase.java:164)
	at org.apache.catalina.core.ContainerBase$StartChild.call(ContainerBase.java:1203)
	at org.apache.catalina.core.ContainerBase$StartChild.call(ContainerBase.java:1193)
	at java.base/java.util.concurrent.FutureTask.run(FutureTask.java:317)
	at org.apache.tomcat.util.threads.InlineExecutorService.execute(InlineExecutorService.java:75)
	at java.base/java.util.concurrent.AbstractExecutorService.submit(AbstractExecutorService.java:145)
	at org.apache.catalina.core.ContainerBase.startInternal(ContainerBase.java:749)
	at org.apache.catalina.core.StandardHost.startInternal(StandardHost.java:772)
	at org.apache.catalina.util.LifecycleBase.start(LifecycleBase.java:164)
	at org.apache.catalina.core.ContainerBase$StartChild.call(ContainerBase.java:1203)
	at org.apache.catalina.core.ContainerBase$StartChild.call(ContainerBase.java:1193)
	at java.base/java.util.concurrent.FutureTask.run(FutureTask.java:317)
	at org.apache.tomcat.util.threads.InlineExecutorService.execute(InlineExecutorService.java:75)
	at java.base/java.util.concurrent.AbstractExecutorService.submit(AbstractExecutorService.java:145)
	at org.apache.catalina.core.ContainerBase.startInternal(ContainerBase.java:749)
	at org.apache.catalina.core.StandardEngine.startInternal(StandardEngine.java:203)
	at org.apache.catalina.util.LifecycleBase.start(LifecycleBase.java:164)
	at org.apache.catalina.core.StandardService.startInternal(StandardService.java:415)
	at org.apache.catalina.util.LifecycleBase.start(LifecycleBase.java:164)
	at org.apache.catalina.core.StandardServer.startInternal(StandardServer.java:870)
	at org.apache.catalina.util.LifecycleBase.start(LifecycleBase.java:164)
	at org.apache.catalina.startup.Tomcat.start(Tomcat.java:437)
	at org.springframework.boot.web.embedded.tomcat.TomcatWebServer.initialize(TomcatWebServer.java:128)
	... 13 common frames omitted
Caused by: org.springframework.beans.factory.UnsatisfiedDependencyException: Error creating bean with name 'customUserDetailsService' defined in file [D:\HOME-HAN\FPT\R2S\OJT\user-access-management\auth-service\target\classes\com\r2s\auth\security\CustomUserDetailsService.class]: Unsatisfied dependency expressed through constructor parameter 0: Error creating bean with name 'userRepository' defined in com.r2s.auth.repository.UserRepository defined in @EnableJpaRepositories declared on JpaRepositoriesRegistrar.EnableJpaRepositoriesConfiguration: Cannot resolve reference to bean 'jpaSharedEM_entityManagerFactory' while setting bean property 'entityManager'
	at org.springframework.beans.factory.support.ConstructorResolver.createArgumentArray(ConstructorResolver.java:804)
	at org.springframework.beans.factory.support.ConstructorResolver.autowireConstructor(ConstructorResolver.java:240)
	at org.springframework.beans.factory.support.AbstractAutowireCapableBeanFactory.autowireConstructor(AbstractAutowireCapableBeanFactory.java:1381)
	at org.springframework.beans.factory.support.AbstractAutowireCapableBeanFactory.createBeanInstance(AbstractAutowireCapableBeanFactory.java:1218)
	at org.springframework.beans.factory.support.AbstractAutowireCapableBeanFactory.doCreateBean(AbstractAutowireCapableBeanFactory.java:563)
	at org.springframework.beans.factory.support.AbstractAutowireCapableBeanFactory.createBean(AbstractAutowireCapableBeanFactory.java:523)
	at org.springframework.beans.factory.support.AbstractBeanFactory.lambda$doGetBean$0(AbstractBeanFactory.java:339)
	at org.springframework.beans.factory.support.DefaultSingletonBeanRegistry.getSingleton(DefaultSingletonBeanRegistry.java:347)
	at org.springframework.beans.factory.support.AbstractBeanFactory.doGetBean(AbstractBeanFactory.java:337)
	at org.springframework.beans.factory.support.AbstractBeanFactory.getBean(AbstractBeanFactory.java:202)
	at org.springframework.beans.factory.config.DependencyDescriptor.resolveCandidate(DependencyDescriptor.java:254)
	at org.springframework.beans.factory.support.DefaultListableBeanFactory.doResolveDependency(DefaultListableBeanFactory.java:1667)
	at org.springframework.beans.factory.support.DefaultListableBeanFactory.resolveDependency(DefaultListableBeanFactory.java:1555)
	at org.springframework.beans.factory.support.ConstructorResolver.resolveAutowiredArgument(ConstructorResolver.java:913)
	at org.springframework.beans.factory.support.ConstructorResolver.createArgumentArray(ConstructorResolver.java:791)
	... 54 common frames omitted
Caused by: org.springframework.beans.factory.BeanCreationException: Error creating bean with name 'userRepository' defined in com.r2s.auth.repository.UserRepository defined in @EnableJpaRepositories declared on JpaRepositoriesRegistrar.EnableJpaRepositoriesConfiguration: Cannot resolve reference to bean 'jpaSharedEM_entityManagerFactory' while setting bean property 'entityManager'
	at org.springframework.beans.factory.support.BeanDefinitionValueResolver.resolveReference(BeanDefinitionValueResolver.java:377)
	at org.springframework.beans.factory.support.BeanDefinitionValueResolver.resolveValueIfNecessary(BeanDefinitionValueResolver.java:135)
	at org.springframework.beans.factory.support.AbstractAutowireCapableBeanFactory.applyPropertyValues(AbstractAutowireCapableBeanFactory.java:1711)
	at org.springframework.beans.factory.support.AbstractAutowireCapableBeanFactory.populateBean(AbstractAutowireCapableBeanFactory.java:1460)
	at org.springframework.beans.factory.support.AbstractAutowireCapableBeanFactory.doCreateBean(AbstractAutowireCapableBeanFactory.java:600)
	at org.springframework.beans.factory.support.AbstractAutowireCapableBeanFactory.createBean(AbstractAutowireCapableBeanFactory.java:523)
	at org.springframework.beans.factory.support.AbstractBeanFactory.lambda$doGetBean$0(AbstractBeanFactory.java:339)
	at org.springframework.beans.factory.support.DefaultSingletonBeanRegistry.getSingleton(DefaultSingletonBeanRegistry.java:347)
	at org.springframework.beans.factory.support.AbstractBeanFactory.doGetBean(AbstractBeanFactory.java:337)
	at org.springframework.beans.factory.support.AbstractBeanFactory.getBean(AbstractBeanFactory.java:202)
	at org.springframework.beans.factory.config.DependencyDescriptor.resolveCandidate(DependencyDescriptor.java:254)
	at org.springframework.beans.factory.support.DefaultListableBeanFactory.doResolveDependency(DefaultListableBeanFactory.java:1667)
	at org.springframework.beans.factory.support.DefaultListableBeanFactory.resolveDependency(DefaultListableBeanFactory.java:1555)
	at org.springframework.beans.factory.support.ConstructorResolver.resolveAutowiredArgument(ConstructorResolver.java:913)
	at org.springframework.beans.factory.support.ConstructorResolver.createArgumentArray(ConstructorResolver.java:791)
	... 68 common frames omitted
Caused by: org.springframework.beans.factory.BeanCreationException: Error creating bean with name 'jpaSharedEM_entityManagerFactory': Cannot resolve reference to bean 'entityManagerFactory' while setting constructor argument
	at org.springframework.beans.factory.support.BeanDefinitionValueResolver.resolveReference(BeanDefinitionValueResolver.java:377)
	at org.springframework.beans.factory.support.BeanDefinitionValueResolver.resolveValueIfNecessary(BeanDefinitionValueResolver.java:135)
	at org.springframework.beans.factory.support.ConstructorResolver.resolveConstructorArguments(ConstructorResolver.java:691)
	at org.springframework.beans.factory.support.ConstructorResolver.instantiateUsingFactoryMethod(ConstructorResolver.java:513)
	at org.springframework.beans.factory.support.AbstractAutowireCapableBeanFactory.instantiateUsingFactoryMethod(AbstractAutowireCapableBeanFactory.java:1361)
	at org.springframework.beans.factory.support.AbstractAutowireCapableBeanFactory.createBeanInstance(AbstractAutowireCapableBeanFactory.java:1191)
	at org.springframework.beans.factory.support.AbstractAutowireCapableBeanFactory.doCreateBean(AbstractAutowireCapableBeanFactory.java:563)
	at org.springframework.beans.factory.support.AbstractAutowireCapableBeanFactory.createBean(AbstractAutowireCapableBeanFactory.java:523)
	at org.springframework.beans.factory.support.AbstractBeanFactory.lambda$doGetBean$0(AbstractBeanFactory.java:339)
	at org.springframework.beans.factory.support.DefaultSingletonBeanRegistry.getSingleton(DefaultSingletonBeanRegistry.java:347)
	at org.springframework.beans.factory.support.AbstractBeanFactory.doGetBean(AbstractBeanFactory.java:337)
	at org.springframework.beans.factory.support.AbstractBeanFactory.getBean(AbstractBeanFactory.java:202)
	at org.springframework.beans.factory.support.BeanDefinitionValueResolver.resolveReference(BeanDefinitionValueResolver.java:365)
	... 82 common frames omitted
Caused by: org.springframework.beans.factory.BeanCreationException: Error creating bean with name 'flywayInitializer' defined in class path resource [org/springframework/boot/autoconfigure/flyway/FlywayAutoConfiguration$FlywayConfiguration.class]: Found non-empty schema(s) "public" but no schema history table. Use baseline() or set baselineOnMigrate to true to initialize the schema history table.
	at org.springframework.beans.factory.support.AbstractAutowireCapableBeanFactory.initializeBean(AbstractAutowireCapableBeanFactory.java:1812)
	at org.springframework.beans.factory.support.AbstractAutowireCapableBeanFactory.doCreateBean(AbstractAutowireCapableBeanFactory.java:601)
	at org.springframework.beans.factory.support.AbstractAutowireCapableBeanFactory.createBean(AbstractAutowireCapableBeanFactory.java:523)
	at org.springframework.beans.factory.support.AbstractBeanFactory.lambda$doGetBean$0(AbstractBeanFactory.java:339)
	at org.springframework.beans.factory.support.DefaultSingletonBeanRegistry.getSingleton(DefaultSingletonBeanRegistry.java:347)
	at org.springframework.beans.factory.support.AbstractBeanFactory.doGetBean(AbstractBeanFactory.java:337)
	at org.springframework.beans.factory.support.AbstractBeanFactory.getBean(AbstractBeanFactory.java:202)
	at org.springframework.beans.factory.support.AbstractBeanFactory.doGetBean(AbstractBeanFactory.java:315)
	at org.springframework.beans.factory.support.AbstractBeanFactory.getBean(AbstractBeanFactory.java:202)
	at org.springframework.beans.factory.support.BeanDefinitionValueResolver.resolveReference(BeanDefinitionValueResolver.java:365)
	... 94 common frames omitted
Caused by: org.flywaydb.core.api.FlywayException: Found non-empty schema(s) "public" but no schema history table. Use baseline() or set baselineOnMigrate to true to initialize the schema history table.
	at org.flywaydb.core.Flyway.lambda$migrate$1(Flyway.java:220)
	at org.flywaydb.core.FlywayExecutor.execute(FlywayExecutor.java:213)
	at org.flywaydb.core.Flyway.migrate(Flyway.java:176)
	at org.springframework.boot.autoconfigure.flyway.FlywayMigrationInitializer.afterPropertiesSet(FlywayMigrationInitializer.java:66)
	at org.springframework.beans.factory.support.AbstractAutowireCapableBeanFactory.invokeInitMethods(AbstractAutowireCapableBeanFactory.java:1859)
	at org.springframework.beans.factory.support.AbstractAutowireCapableBeanFactory.initializeBean(AbstractAutowireCapableBeanFactory.java:1808)
	... 103 common frames omitted
2026-05-07 11:34:01 [background-preinit] INFO  o.h.validator.internal.util.Version - HV000001: Hibernate Validator 8.0.2.Final
2026-05-07 11:34:01 [main] INFO  com.r2s.auth.AuthServiceApplication - Starting AuthServiceApplication using Java 21.0.9 with PID 33768 (D:\HOME-HAN\FPT\R2S\OJT\user-access-management\auth-service\target\classes started by MY PC in D:\HOME-HAN\FPT\R2S\OJT\user-access-management\auth-service)
2026-05-07 11:34:01 [main] DEBUG com.r2s.auth.AuthServiceApplication - Running with Spring Boot v3.4.4, Spring v6.2.5
2026-05-07 11:34:01 [main] INFO  com.r2s.auth.AuthServiceApplication - The following 1 profile is active: "dev"
2026-05-07 11:34:02 [main] INFO  o.s.d.r.c.RepositoryConfigurationDelegate - Bootstrapping Spring Data JPA repositories in DEFAULT mode.
2026-05-07 11:34:02 [main] INFO  o.s.d.r.c.RepositoryConfigurationDelegate - Finished Spring Data repository scanning in 37 ms. Found 1 JPA repository interface.
2026-05-07 11:34:02 [main] INFO  o.s.b.w.e.tomcat.TomcatWebServer - Tomcat initialized with port 8081 (http)
2026-05-07 11:34:02 [main] INFO  o.a.coyote.http11.Http11NioProtocol - Initializing ProtocolHandler ["http-nio-8081"]
2026-05-07 11:34:02 [main] INFO  o.a.catalina.core.StandardService - Starting service [Tomcat]
2026-05-07 11:34:02 [main] INFO  o.a.catalina.core.StandardEngine - Starting Servlet engine: [Apache Tomcat/10.1.39]
2026-05-07 11:34:02 [main] INFO  o.a.c.c.C.[Tomcat].[localhost].[/] - Initializing Spring embedded WebApplicationContext
2026-05-07 11:34:02 [main] INFO  o.s.b.w.s.c.ServletWebServerApplicationContext - Root WebApplicationContext: initialization completed in 1305 ms
2026-05-07 11:34:03 [main] INFO  com.zaxxer.hikari.HikariDataSource - HikariPool-1 - Starting...
2026-05-07 11:34:03 [main] INFO  com.zaxxer.hikari.pool.HikariPool - HikariPool-1 - Added connection org.postgresql.jdbc.PgConnection@5503c7d
2026-05-07 11:34:03 [main] INFO  com.zaxxer.hikari.HikariDataSource - HikariPool-1 - Start completed.
2026-05-07 11:34:03 [main] INFO  org.flywaydb.core.FlywayExecutor - Database: jdbc:postgresql://localhost:5432/auth-service (PostgreSQL 18.3)
2026-05-07 11:34:03 [main] WARN  o.f.c.i.database.base.Database - Flyway upgrade recommended: PostgreSQL 18.3 is newer than this version of Flyway and support has not been tested. The latest supported version of PostgreSQL is 17.
2026-05-07 11:34:03 [main] INFO  o.f.c.i.s.JdbcTableSchemaHistory - Schema history table "public"."flyway_schema_history" does not exist yet
2026-05-07 11:34:03 [main] INFO  o.f.core.internal.command.DbValidate - Successfully validated 1 migration (execution time 00:00.014s)
2026-05-07 11:34:03 [main] INFO  o.f.c.i.s.JdbcTableSchemaHistory - Creating Schema History table "public"."flyway_schema_history" with baseline ...
2026-05-07 11:34:03 [main] INFO  o.f.core.internal.command.DbBaseline - Successfully baselined schema with version: 1
2026-05-07 11:34:03 [main] INFO  o.f.core.internal.command.DbMigrate - Current version of schema "public": 1
2026-05-07 11:34:03 [main] INFO  o.f.core.internal.command.DbMigrate - Schema "public" is up to date. No migration necessary.
2026-05-07 11:34:03 [main] INFO  o.h.jpa.internal.util.LogHelper - HHH000204: Processing PersistenceUnitInfo [name: default]
2026-05-07 11:34:03 [main] INFO  org.hibernate.Version - HHH000412: Hibernate ORM core version 6.6.11.Final
2026-05-07 11:34:03 [main] INFO  o.h.c.i.RegionFactoryInitiator - HHH000026: Second-level cache disabled
2026-05-07 11:34:03 [main] INFO  o.s.o.j.p.SpringPersistenceUnitInfo - No LoadTimeWeaver setup: ignoring JPA class transformer
2026-05-07 11:34:03 [main] WARN  org.hibernate.orm.deprecation - HHH90000025: PostgreSQLDialect does not need to be specified explicitly using 'hibernate.dialect' (remove the property setting and it will be selected by default)
2026-05-07 11:34:03 [main] INFO  o.hibernate.orm.connections.pooling - HHH10001005: Database info:
	Database JDBC URL [Connecting through datasource 'HikariDataSource (HikariPool-1)']
	Database driver: undefined/unknown
	Database version: 18.3
	Autocommit mode: undefined/unknown
	Isolation level: undefined/unknown
	Minimum pool size: undefined/unknown
	Maximum pool size: undefined/unknown
2026-05-07 11:34:04 [main] INFO  o.h.e.t.j.p.i.JtaPlatformInitiator - HHH000489: No JTA platform available (set 'hibernate.transaction.jta.platform' to enable JTA platform integration)
2026-05-07 11:34:04 [main] INFO  o.s.o.j.LocalContainerEntityManagerFactoryBean - Initialized JPA EntityManagerFactory for persistence unit 'default'
2026-05-07 11:34:04 [main] DEBUG c.r2s.auth.security.RateLimitFilter - Filter 'rateLimitFilter' configured for use
2026-05-07 11:34:04 [main] DEBUG com.r2s.auth.security.JwtFilter - Filter 'jwtFilter' configured for use
2026-05-07 11:34:04 [main] INFO  o.s.s.c.a.a.c.InitializeUserDetailsBeanManagerConfigurer$InitializeUserDetailsManagerConfigurer - Global AuthenticationManager configured with UserDetailsService bean with name customUserDetailsService
2026-05-07 11:34:05 [main] INFO  o.s.b.a.e.web.EndpointLinksResolver - Exposing 4 endpoints beneath base path '/actuator'
2026-05-07 11:34:05 [main] INFO  o.a.coyote.http11.Http11NioProtocol - Starting ProtocolHandler ["http-nio-8081"]
2026-05-07 11:34:05 [main] INFO  o.s.b.w.e.tomcat.TomcatWebServer - Tomcat started on port 8081 (http) with context path '/'
2026-05-07 11:34:05 [main] INFO  com.r2s.auth.AuthServiceApplication - Started AuthServiceApplication in 4.601 seconds (process running for 4.855)
2026-05-07 11:34:15 [http-nio-8081-exec-2] INFO  o.a.c.c.C.[Tomcat].[localhost].[/] - Initializing Spring DispatcherServlet 'dispatcherServlet'
2026-05-07 11:34:15 [http-nio-8081-exec-2] INFO  o.s.web.servlet.DispatcherServlet - Initializing Servlet 'dispatcherServlet'
2026-05-07 11:34:15 [http-nio-8081-exec-2] INFO  o.s.web.servlet.DispatcherServlet - Completed initialization in 1 ms
2026-05-07 11:34:15 [http-nio-8081-exec-2] INFO  com.r2s.auth.service.AuthService - Registering new user: e2euser_23336
2026-05-07 11:34:15 [http-nio-8081-exec-2] INFO  com.r2s.auth.service.AuthService - User registered successfully: e2euser_23336
2026-05-07 11:34:15 [http-nio-8081-exec-2] INFO  c.r2s.auth.kafka.UserEventProducer - Sending UserRegistered event: e2euser_23336
2026-05-07 11:34:15 [http-nio-8081-exec-2] INFO  o.a.k.c.producer.ProducerConfig - ProducerConfig values: 
	acks = -1
	auto.include.jmx.reporter = true
	batch.size = 16384
	bootstrap.servers = [localhost:9092]
	buffer.memory = 33554432
	client.dns.lookup = use_all_dns_ips
	client.id = auth-service-producer-1
	compression.gzip.level = -1
	compression.lz4.level = 9
	compression.type = none
	compression.zstd.level = 3
	connections.max.idle.ms = 540000
	delivery.timeout.ms = 120000
	enable.idempotence = true
	enable.metrics.push = true
	interceptor.classes = []
	key.serializer = class org.apache.kafka.common.serialization.StringSerializer
	linger.ms = 0
	max.block.ms = 60000
	max.in.flight.requests.per.connection = 5
	max.request.size = 1048576
	metadata.max.age.ms = 300000
	metadata.max.idle.ms = 300000
	metadata.recovery.strategy = none
	metric.reporters = []
	metrics.num.samples = 2
	metrics.recording.level = INFO
	metrics.sample.window.ms = 30000
	partitioner.adaptive.partitioning.enable = true
	partitioner.availability.timeout.ms = 0
	partitioner.class = null
	partitioner.ignore.keys = false
	receive.buffer.bytes = 32768
	reconnect.backoff.max.ms = 1000
	reconnect.backoff.ms = 50
	request.timeout.ms = 30000
	retries = 2147483647
	retry.backoff.max.ms = 1000
	retry.backoff.ms = 100
	sasl.client.callback.handler.class = null
	sasl.jaas.config = null
	sasl.kerberos.kinit.cmd = /usr/bin/kinit
	sasl.kerberos.min.time.before.relogin = 60000
	sasl.kerberos.service.name = null
	sasl.kerberos.ticket.renew.jitter = 0.05
	sasl.kerberos.ticket.renew.window.factor = 0.8
	sasl.login.callback.handler.class = null
	sasl.login.class = null
	sasl.login.connect.timeout.ms = null
	sasl.login.read.timeout.ms = null
	sasl.login.refresh.buffer.seconds = 300
	sasl.login.refresh.min.period.seconds = 60
	sasl.login.refresh.window.factor = 0.8
	sasl.login.refresh.window.jitter = 0.05
	sasl.login.retry.backoff.max.ms = 10000
	sasl.login.retry.backoff.ms = 100
	sasl.mechanism = GSSAPI
	sasl.oauthbearer.clock.skew.seconds = 30
	sasl.oauthbearer.expected.audience = null
	sasl.oauthbearer.expected.issuer = null
	sasl.oauthbearer.jwks.endpoint.refresh.ms = 3600000
	sasl.oauthbearer.jwks.endpoint.retry.backoff.max.ms = 10000
	sasl.oauthbearer.jwks.endpoint.retry.backoff.ms = 100
	sasl.oauthbearer.jwks.endpoint.url = null
	sasl.oauthbearer.scope.claim.name = scope
	sasl.oauthbearer.sub.claim.name = sub
	sasl.oauthbearer.token.endpoint.url = null
	security.protocol = PLAINTEXT
	security.providers = null
	send.buffer.bytes = 131072
	socket.connection.setup.timeout.max.ms = 30000
	socket.connection.setup.timeout.ms = 10000
	ssl.cipher.suites = null
	ssl.enabled.protocols = [TLSv1.2, TLSv1.3]
	ssl.endpoint.identification.algorithm = https
	ssl.engine.factory.class = null
	ssl.key.password = null
	ssl.keymanager.algorithm = SunX509
	ssl.keystore.certificate.chain = null
	ssl.keystore.key = null
	ssl.keystore.location = null
	ssl.keystore.password = null
	ssl.keystore.type = JKS
	ssl.protocol = TLSv1.3
	ssl.provider = null
	ssl.secure.random.implementation = null
	ssl.trustmanager.algorithm = PKIX
	ssl.truststore.certificates = null
	ssl.truststore.location = null
	ssl.truststore.password = null
	ssl.truststore.type = JKS
	transaction.timeout.ms = 60000
	transactional.id = null
	value.serializer = class org.springframework.kafka.support.serializer.JsonSerializer

2026-05-07 11:34:15 [http-nio-8081-exec-2] INFO  o.a.k.c.t.i.KafkaMetricsCollector - initializing Kafka metrics collector
2026-05-07 11:34:15 [http-nio-8081-exec-2] INFO  o.a.k.clients.producer.KafkaProducer - [Producer clientId=auth-service-producer-1] Instantiated an idempotent producer.
2026-05-07 11:34:15 [http-nio-8081-exec-2] INFO  o.a.kafka.common.utils.AppInfoParser - Kafka version: 3.8.1
2026-05-07 11:34:15 [http-nio-8081-exec-2] INFO  o.a.kafka.common.utils.AppInfoParser - Kafka commitId: 70d6ff42debf7e17
2026-05-07 11:34:15 [http-nio-8081-exec-2] INFO  o.a.kafka.common.utils.AppInfoParser - Kafka startTimeMs: 1778128455824
2026-05-07 11:34:16 [kafka-producer-network-thread | auth-service-producer-1] INFO  o.apache.kafka.clients.NetworkClient - [Producer clientId=auth-service-producer-1] Node -1 disconnected.
2026-05-07 11:34:16 [kafka-producer-network-thread | auth-service-producer-1] WARN  o.apache.kafka.clients.NetworkClient - [Producer clientId=auth-service-producer-1] Connection to node -1 (localhost/127.0.0.1:9092) could not be established. Node may not be available.
2026-05-07 11:34:16 [kafka-producer-network-thread | auth-service-producer-1] WARN  o.apache.kafka.clients.NetworkClient - [Producer clientId=auth-service-producer-1] Bootstrap broker localhost:9092 (id: -1 rack: null) disconnected
2026-05-07 11:34:16 [kafka-producer-network-thread | auth-service-producer-1] INFO  o.apache.kafka.clients.NetworkClient - [Producer clientId=auth-service-producer-1] Node -1 disconnected.
2026-05-07 11:34:16 [kafka-producer-network-thread | auth-service-producer-1] WARN  o.apache.kafka.clients.NetworkClient - [Producer clientId=auth-service-producer-1] Connection to node -1 (localhost/127.0.0.1:9092) could not be established. Node may not be available.
2026-05-07 11:34:16 [kafka-producer-network-thread | auth-service-producer-1] WARN  o.apache.kafka.clients.NetworkClient - [Producer clientId=auth-service-producer-1] Bootstrap broker localhost:9092 (id: -1 rack: null) disconnected
2026-05-07 11:34:16 [kafka-producer-network-thread | auth-service-producer-1] INFO  o.apache.kafka.clients.NetworkClient - [Producer clientId=auth-service-producer-1] Node -1 disconnected.
2026-05-07 11:34:16 [kafka-producer-network-thread | auth-service-producer-1] WARN  o.apache.kafka.clients.NetworkClient - [Producer clientId=auth-service-producer-1] Connection to node -1 (localhost/127.0.0.1:9092) could not be established. Node may not be available.
2026-05-07 11:34:16 [kafka-producer-network-thread | auth-service-producer-1] WARN  o.apache.kafka.clients.NetworkClient - [Producer clientId=auth-service-producer-1] Bootstrap broker localhost:9092 (id: -1 rack: null) disconnected
2026-05-07 11:34:16 [kafka-producer-network-thread | auth-service-producer-1] INFO  o.apache.kafka.clients.NetworkClient - [Producer clientId=auth-service-producer-1] Node -1 disconnected.
2026-05-07 11:34:16 [kafka-producer-network-thread | auth-service-producer-1] WARN  o.apache.kafka.clients.NetworkClient - [Producer clientId=auth-service-producer-1] Connection to node -1 (localhost/127.0.0.1:9092) could not be established. Node may not be available.
2026-05-07 11:34:16 [kafka-producer-network-thread | auth-service-producer-1] WARN  o.apache.kafka.clients.NetworkClient - [Producer clientId=auth-service-producer-1] Bootstrap broker localhost:9092 (id: -1 rack: null) disconnected
2026-05-07 11:34:17 [kafka-producer-network-thread | auth-service-producer-1] INFO  o.apache.kafka.clients.NetworkClient - [Producer clientId=auth-service-producer-1] Node -1 disconnected.
2026-05-07 11:34:17 [kafka-producer-network-thread | auth-service-producer-1] WARN  o.apache.kafka.clients.NetworkClient - [Producer clientId=auth-service-producer-1] Connection to node -1 (localhost/127.0.0.1:9092) could not be established. Node may not be available.
2026-05-07 11:34:17 [kafka-producer-network-thread | auth-service-producer-1] WARN  o.apache.kafka.clients.NetworkClient - [Producer clientId=auth-service-producer-1] Bootstrap broker localhost:9092 (id: -1 rack: null) disconnected
2026-05-07 11:34:18 [kafka-producer-network-thread | auth-service-producer-1] INFO  o.apache.kafka.clients.NetworkClient - [Producer clientId=auth-service-producer-1] Node -1 disconnected.
2026-05-07 11:34:18 [kafka-producer-network-thread | auth-service-producer-1] WARN  o.apache.kafka.clients.NetworkClient - [Producer clientId=auth-service-producer-1] Connection to node -1 (localhost/127.0.0.1:9092) could not be established. Node may not be available.
2026-05-07 11:34:18 [kafka-producer-network-thread | auth-service-producer-1] WARN  o.apache.kafka.clients.NetworkClient - [Producer clientId=auth-service-producer-1] Bootstrap broker localhost:9092 (id: -1 rack: null) disconnected
2026-05-07 11:34:19 [kafka-producer-network-thread | auth-service-producer-1] INFO  o.apache.kafka.clients.NetworkClient - [Producer clientId=auth-service-producer-1] Node -1 disconnected.
2026-05-07 11:34:19 [kafka-producer-network-thread | auth-service-producer-1] WARN  o.apache.kafka.clients.NetworkClient - [Producer clientId=auth-service-producer-1] Connection to node -1 (localhost/127.0.0.1:9092) could not be established. Node may not be available.
2026-05-07 11:34:19 [kafka-producer-network-thread | auth-service-producer-1] WARN  o.apache.kafka.clients.NetworkClient - [Producer clientId=auth-service-producer-1] Bootstrap broker localhost:9092 (id: -1 rack: null) disconnected
2026-05-07 11:34:20 [kafka-producer-network-thread | auth-service-producer-1] INFO  o.apache.kafka.clients.NetworkClient - [Producer clientId=auth-service-producer-1] Node -1 disconnected.
2026-05-07 11:34:20 [kafka-producer-network-thread | auth-service-producer-1] WARN  o.apache.kafka.clients.NetworkClient - [Producer clientId=auth-service-producer-1] Connection to node -1 (localhost/127.0.0.1:9092) could not be established. Node may not be available.
2026-05-07 11:34:20 [kafka-producer-network-thread | auth-service-producer-1] WARN  o.apache.kafka.clients.NetworkClient - [Producer clientId=auth-service-producer-1] Bootstrap broker localhost:9092 (id: -1 rack: null) disconnected
2026-05-07 11:34:21 [kafka-producer-network-thread | auth-service-producer-1] INFO  o.apache.kafka.clients.NetworkClient - [Producer clientId=auth-service-producer-1] Node -1 disconnected.
2026-05-07 11:34:21 [kafka-producer-network-thread | auth-service-producer-1] WARN  o.apache.kafka.clients.NetworkClient - [Producer clientId=auth-service-producer-1] Connection to node -1 (localhost/127.0.0.1:9092) could not be established. Node may not be available.
2026-05-07 11:34:21 [kafka-producer-network-thread | auth-service-producer-1] WARN  o.apache.kafka.clients.NetworkClient - [Producer clientId=auth-service-producer-1] Bootstrap broker localhost:9092 (id: -1 rack: null) disconnected
2026-05-07 11:34:22 [kafka-producer-network-thread | auth-service-producer-1] INFO  o.apache.kafka.clients.NetworkClient - [Producer clientId=auth-service-producer-1] Node -1 disconnected.
2026-05-07 11:34:22 [kafka-producer-network-thread | auth-service-producer-1] WARN  o.apache.kafka.clients.NetworkClient - [Producer clientId=auth-service-producer-1] Connection to node -1 (localhost/127.0.0.1:9092) could not be established. Node may not be available.
2026-05-07 11:34:22 [kafka-producer-network-thread | auth-service-producer-1] WARN  o.apache.kafka.clients.NetworkClient - [Producer clientId=auth-service-producer-1] Bootstrap broker localhost:9092 (id: -1 rack: null) disconnected
2026-05-07 11:34:23 [kafka-producer-network-thread | auth-service-producer-1] INFO  o.apache.kafka.clients.NetworkClient - [Producer clientId=auth-service-producer-1] Node -1 disconnected.
2026-05-07 11:34:23 [kafka-producer-network-thread | auth-service-producer-1] WARN  o.apache.kafka.clients.NetworkClient - [Producer clientId=auth-service-producer-1] Connection to node -1 (localhost/127.0.0.1:9092) could not be established. Node may not be available.
2026-05-07 11:34:23 [kafka-producer-network-thread | auth-service-producer-1] WARN  o.apache.kafka.clients.NetworkClient - [Producer clientId=auth-service-producer-1] Bootstrap broker localhost:9092 (id: -1 rack: null) disconnected
2026-05-07 11:34:24 [kafka-producer-network-thread | auth-service-producer-1] INFO  o.apache.kafka.clients.NetworkClient - [Producer clientId=auth-service-producer-1] Node -1 disconnected.
2026-05-07 11:34:24 [kafka-producer-network-thread | auth-service-producer-1] WARN  o.apache.kafka.clients.NetworkClient - [Producer clientId=auth-service-producer-1] Connection to node -1 (localhost/127.0.0.1:9092) could not be established. Node may not be available.
2026-05-07 11:34:24 [kafka-producer-network-thread | auth-service-producer-1] WARN  o.apache.kafka.clients.NetworkClient - [Producer clientId=auth-service-producer-1] Bootstrap broker localhost:9092 (id: -1 rack: null) disconnected
2026-05-07 11:34:25 [kafka-producer-network-thread | auth-service-producer-1] INFO  o.apache.kafka.clients.NetworkClient - [Producer clientId=auth-service-producer-1] Node -1 disconnected.
2026-05-07 11:34:25 [kafka-producer-network-thread | auth-service-producer-1] WARN  o.apache.kafka.clients.NetworkClient - [Producer clientId=auth-service-producer-1] Connection to node -1 (localhost/127.0.0.1:9092) could not be established. Node may not be available.
2026-05-07 11:34:25 [kafka-producer-network-thread | auth-service-producer-1] WARN  o.apache.kafka.clients.NetworkClient - [Producer clientId=auth-service-producer-1] Bootstrap broker localhost:9092 (id: -1 rack: null) disconnected
2026-05-07 11:34:25 [kafka-producer-network-thread | auth-service-producer-1] INFO  o.apache.kafka.clients.NetworkClient - [Producer clientId=auth-service-producer-1] Node -1 disconnected.
2026-05-07 11:34:25 [kafka-producer-network-thread | auth-service-producer-1] WARN  o.apache.kafka.clients.NetworkClient - [Producer clientId=auth-service-producer-1] Connection to node -1 (localhost/127.0.0.1:9092) could not be established. Node may not be available.
2026-05-07 11:34:25 [kafka-producer-network-thread | auth-service-producer-1] WARN  o.apache.kafka.clients.NetworkClient - [Producer clientId=auth-service-producer-1] Bootstrap broker localhost:9092 (id: -1 rack: null) disconnected
2026-05-07 11:34:27 [kafka-producer-network-thread | auth-service-producer-1] INFO  o.apache.kafka.clients.NetworkClient - [Producer clientId=auth-service-producer-1] Node -1 disconnected.
2026-05-07 11:34:27 [kafka-producer-network-thread | auth-service-producer-1] WARN  o.apache.kafka.clients.NetworkClient - [Producer clientId=auth-service-producer-1] Connection to node -1 (localhost/127.0.0.1:9092) could not be established. Node may not be available.
2026-05-07 11:34:27 [kafka-producer-network-thread | auth-service-producer-1] WARN  o.apache.kafka.clients.NetworkClient - [Producer clientId=auth-service-producer-1] Bootstrap broker localhost:9092 (id: -1 rack: null) disconnected
2026-05-07 11:34:27 [kafka-producer-network-thread | auth-service-producer-1] INFO  o.apache.kafka.clients.NetworkClient - [Producer clientId=auth-service-producer-1] Node -1 disconnected.
2026-05-07 11:34:27 [kafka-producer-network-thread | auth-service-producer-1] WARN  o.apache.kafka.clients.NetworkClient - [Producer clientId=auth-service-producer-1] Connection to node -1 (localhost/127.0.0.1:9092) could not be established. Node may not be available.
2026-05-07 11:34:27 [kafka-producer-network-thread | auth-service-producer-1] WARN  o.apache.kafka.clients.NetworkClient - [Producer clientId=auth-service-producer-1] Bootstrap broker localhost:9092 (id: -1 rack: null) disconnected
2026-05-07 11:34:28 [kafka-producer-network-thread | auth-service-producer-1] INFO  o.apache.kafka.clients.NetworkClient - [Producer clientId=auth-service-producer-1] Node -1 disconnected.
2026-05-07 11:34:28 [kafka-producer-network-thread | auth-service-producer-1] WARN  o.apache.kafka.clients.NetworkClient - [Producer clientId=auth-service-producer-1] Connection to node -1 (localhost/127.0.0.1:9092) could not be established. Node may not be available.
2026-05-07 11:34:28 [kafka-producer-network-thread | auth-service-producer-1] WARN  o.apache.kafka.clients.NetworkClient - [Producer clientId=auth-service-producer-1] Bootstrap broker localhost:9092 (id: -1 rack: null) disconnected
2026-05-07 11:34:29 [kafka-producer-network-thread | auth-service-producer-1] INFO  o.apache.kafka.clients.NetworkClient - [Producer clientId=auth-service-producer-1] Node -1 disconnected.
2026-05-07 11:34:29 [kafka-producer-network-thread | auth-service-producer-1] WARN  o.apache.kafka.clients.NetworkClient - [Producer clientId=auth-service-producer-1] Connection to node -1 (localhost/127.0.0.1:9092) could not be established. Node may not be available.
2026-05-07 11:34:29 [kafka-producer-network-thread | auth-service-producer-1] WARN  o.apache.kafka.clients.NetworkClient - [Producer clientId=auth-service-producer-1] Bootstrap broker localhost:9092 (id: -1 rack: null) disconnected
2026-05-07 11:34:30 [kafka-producer-network-thread | auth-service-producer-1] INFO  o.apache.kafka.clients.NetworkClient - [Producer clientId=auth-service-producer-1] Node -1 disconnected.
2026-05-07 11:34:30 [kafka-producer-network-thread | auth-service-producer-1] WARN  o.apache.kafka.clients.NetworkClient - [Producer clientId=auth-service-producer-1] Connection to node -1 (localhost/127.0.0.1:9092) could not be established. Node may not be available.
2026-05-07 11:34:30 [kafka-producer-network-thread | auth-service-producer-1] WARN  o.apache.kafka.clients.NetworkClient - [Producer clientId=auth-service-producer-1] Bootstrap broker localhost:9092 (id: -1 rack: null) disconnected
2026-05-07 11:34:31 [kafka-producer-network-thread | auth-service-producer-1] INFO  o.apache.kafka.clients.NetworkClient - [Producer clientId=auth-service-producer-1] Node -1 disconnected.
2026-05-07 11:34:31 [kafka-producer-network-thread | auth-service-producer-1] WARN  o.apache.kafka.clients.NetworkClient - [Producer clientId=auth-service-producer-1] Connection to node -1 (localhost/127.0.0.1:9092) could not be established. Node may not be available.
2026-05-07 11:34:31 [kafka-producer-network-thread | auth-service-producer-1] WARN  o.apache.kafka.clients.NetworkClient - [Producer clientId=auth-service-producer-1] Bootstrap broker localhost:9092 (id: -1 rack: null) disconnected
2026-05-07 11:34:32 [kafka-producer-network-thread | auth-service-producer-1] INFO  o.apache.kafka.clients.NetworkClient - [Producer clientId=auth-service-producer-1] Node -1 disconnected.
2026-05-07 11:34:32 [kafka-producer-network-thread | auth-service-producer-1] WARN  o.apache.kafka.clients.NetworkClient - [Producer clientId=auth-service-producer-1] Connection to node -1 (localhost/127.0.0.1:9092) could not be established. Node may not be available.
2026-05-07 11:34:32 [kafka-producer-network-thread | auth-service-producer-1] WARN  o.apache.kafka.clients.NetworkClient - [Producer clientId=auth-service-producer-1] Bootstrap broker localhost:9092 (id: -1 rack: null) disconnected
2026-05-07 11:34:33 [kafka-producer-network-thread | auth-service-producer-1] INFO  o.apache.kafka.clients.NetworkClient - [Producer clientId=auth-service-producer-1] Node -1 disconnected.
2026-05-07 11:34:33 [kafka-producer-network-thread | auth-service-producer-1] WARN  o.apache.kafka.clients.NetworkClient - [Producer clientId=auth-service-producer-1] Connection to node -1 (localhost/127.0.0.1:9092) could not be established. Node may not be available.
2026-05-07 11:34:33 [kafka-producer-network-thread | auth-service-producer-1] WARN  o.apache.kafka.clients.NetworkClient - [Producer clientId=auth-service-producer-1] Bootstrap broker localhost:9092 (id: -1 rack: null) disconnected
2026-05-07 11:34:34 [kafka-producer-network-thread | auth-service-producer-1] INFO  o.apache.kafka.clients.NetworkClient - [Producer clientId=auth-service-producer-1] Node -1 disconnected.
2026-05-07 11:34:34 [kafka-producer-network-thread | auth-service-producer-1] WARN  o.apache.kafka.clients.NetworkClient - [Producer clientId=auth-service-producer-1] Connection to node -1 (localhost/127.0.0.1:9092) could not be established. Node may not be available.
2026-05-07 11:34:35 [kafka-producer-network-thread | auth-service-producer-1] WARN  o.apache.kafka.clients.NetworkClient - [Producer clientId=auth-service-producer-1] Bootstrap broker localhost:9092 (id: -1 rack: null) disconnected
2026-05-07 11:34:35 [kafka-producer-network-thread | auth-service-producer-1] INFO  o.apache.kafka.clients.NetworkClient - [Producer clientId=auth-service-producer-1] Node -1 disconnected.
2026-05-07 11:34:35 [kafka-producer-network-thread | auth-service-producer-1] WARN  o.apache.kafka.clients.NetworkClient - [Producer clientId=auth-service-producer-1] Connection to node -1 (localhost/127.0.0.1:9092) could not be established. Node may not be available.
2026-05-07 11:34:35 [kafka-producer-network-thread | auth-service-producer-1] WARN  o.apache.kafka.clients.NetworkClient - [Producer clientId=auth-service-producer-1] Bootstrap broker localhost:9092 (id: -1 rack: null) disconnected
2026-05-07 11:34:37 [kafka-producer-network-thread | auth-service-producer-1] INFO  o.apache.kafka.clients.NetworkClient - [Producer clientId=auth-service-producer-1] Node -1 disconnected.
2026-05-07 11:34:37 [kafka-producer-network-thread | auth-service-producer-1] WARN  o.apache.kafka.clients.NetworkClient - [Producer clientId=auth-service-producer-1] Connection to node -1 (localhost/127.0.0.1:9092) could not be established. Node may not be available.
2026-05-07 11:34:37 [kafka-producer-network-thread | auth-service-producer-1] WARN  o.apache.kafka.clients.NetworkClient - [Producer clientId=auth-service-producer-1] Bootstrap broker localhost:9092 (id: -1 rack: null) disconnected
2026-05-07 11:34:37 [kafka-producer-network-thread | auth-service-producer-1] INFO  o.apache.kafka.clients.NetworkClient - [Producer clientId=auth-service-producer-1] Node -1 disconnected.
2026-05-07 11:34:37 [kafka-producer-network-thread | auth-service-producer-1] WARN  o.apache.kafka.clients.NetworkClient - [Producer clientId=auth-service-producer-1] Connection to node -1 (localhost/127.0.0.1:9092) could not be established. Node may not be available.
2026-05-07 11:34:37 [kafka-producer-network-thread | auth-service-producer-1] WARN  o.apache.kafka.clients.NetworkClient - [Producer clientId=auth-service-producer-1] Bootstrap broker localhost:9092 (id: -1 rack: null) disconnected
2026-05-07 11:34:38 [kafka-producer-network-thread | auth-service-producer-1] INFO  o.apache.kafka.clients.NetworkClient - [Producer clientId=auth-service-producer-1] Node -1 disconnected.
2026-05-07 11:34:38 [kafka-producer-network-thread | auth-service-producer-1] WARN  o.apache.kafka.clients.NetworkClient - [Producer clientId=auth-service-producer-1] Connection to node -1 (localhost/127.0.0.1:9092) could not be established. Node may not be available.
2026-05-07 11:34:38 [kafka-producer-network-thread | auth-service-producer-1] WARN  o.apache.kafka.clients.NetworkClient - [Producer clientId=auth-service-producer-1] Bootstrap broker localhost:9092 (id: -1 rack: null) disconnected
2026-05-07 11:34:39 [kafka-producer-network-thread | auth-service-producer-1] INFO  o.apache.kafka.clients.NetworkClient - [Producer clientId=auth-service-producer-1] Node -1 disconnected.
2026-05-07 11:34:39 [kafka-producer-network-thread | auth-service-producer-1] WARN  o.apache.kafka.clients.NetworkClient - [Producer clientId=auth-service-producer-1] Connection to node -1 (localhost/127.0.0.1:9092) could not be established. Node may not be available.
2026-05-07 11:34:39 [kafka-producer-network-thread | auth-service-producer-1] WARN  o.apache.kafka.clients.NetworkClient - [Producer clientId=auth-service-producer-1] Bootstrap broker localhost:9092 (id: -1 rack: null) disconnected
2026-05-07 11:34:40 [kafka-producer-network-thread | auth-service-producer-1] INFO  o.apache.kafka.clients.NetworkClient - [Producer clientId=auth-service-producer-1] Node -1 disconnected.
2026-05-07 11:34:40 [kafka-producer-network-thread | auth-service-producer-1] WARN  o.apache.kafka.clients.NetworkClient - [Producer clientId=auth-service-producer-1] Connection to node -1 (localhost/127.0.0.1:9092) could not be established. Node may not be available.
2026-05-07 11:34:40 [kafka-producer-network-thread | auth-service-producer-1] WARN  o.apache.kafka.clients.NetworkClient - [Producer clientId=auth-service-producer-1] Bootstrap broker localhost:9092 (id: -1 rack: null) disconnected
2026-05-07 11:34:41 [kafka-producer-network-thread | auth-service-producer-1] INFO  o.apache.kafka.clients.NetworkClient - [Producer clientId=auth-service-producer-1] Node -1 disconnected.
2026-05-07 11:34:41 [kafka-producer-network-thread | auth-service-producer-1] WARN  o.apache.kafka.clients.NetworkClient - [Producer clientId=auth-service-producer-1] Connection to node -1 (localhost/127.0.0.1:9092) could not be established. Node may not be available.
2026-05-07 11:34:41 [kafka-producer-network-thread | auth-service-producer-1] WARN  o.apache.kafka.clients.NetworkClient - [Producer clientId=auth-service-producer-1] Bootstrap broker localhost:9092 (id: -1 rack: null) disconnected
2026-05-07 11:34:42 [kafka-producer-network-thread | auth-service-producer-1] INFO  o.apache.kafka.clients.NetworkClient - [Producer clientId=auth-service-producer-1] Node -1 disconnected.
2026-05-07 11:34:42 [kafka-producer-network-thread | auth-service-producer-1] WARN  o.apache.kafka.clients.NetworkClient - [Producer clientId=auth-service-producer-1] Connection to node -1 (localhost/127.0.0.1:9092) could not be established. Node may not be available.
2026-05-07 11:34:42 [kafka-producer-network-thread | auth-service-producer-1] WARN  o.apache.kafka.clients.NetworkClient - [Producer clientId=auth-service-producer-1] Bootstrap broker localhost:9092 (id: -1 rack: null) disconnected
2026-05-07 11:34:43 [kafka-producer-network-thread | auth-service-producer-1] INFO  o.apache.kafka.clients.NetworkClient - [Producer clientId=auth-service-producer-1] Node -1 disconnected.
2026-05-07 11:34:43 [kafka-producer-network-thread | auth-service-producer-1] WARN  o.apache.kafka.clients.NetworkClient - [Producer clientId=auth-service-producer-1] Connection to node -1 (localhost/127.0.0.1:9092) could not be established. Node may not be available.
2026-05-07 11:34:43 [kafka-producer-network-thread | auth-service-producer-1] WARN  o.apache.kafka.clients.NetworkClient - [Producer clientId=auth-service-producer-1] Bootstrap broker localhost:9092 (id: -1 rack: null) disconnected
2026-05-07 11:34:44 [kafka-producer-network-thread | auth-service-producer-1] INFO  o.apache.kafka.clients.NetworkClient - [Producer clientId=auth-service-producer-1] Node -1 disconnected.
2026-05-07 11:34:44 [kafka-producer-network-thread | auth-service-producer-1] WARN  o.apache.kafka.clients.NetworkClient - [Producer clientId=auth-service-producer-1] Connection to node -1 (localhost/127.0.0.1:9092) could not be established. Node may not be available.
2026-05-07 11:34:44 [kafka-producer-network-thread | auth-service-producer-1] WARN  o.apache.kafka.clients.NetworkClient - [Producer clientId=auth-service-producer-1] Bootstrap broker localhost:9092 (id: -1 rack: null) disconnected
2026-05-07 11:34:45 [kafka-producer-network-thread | auth-service-producer-1] INFO  o.apache.kafka.clients.NetworkClient - [Producer clientId=auth-service-producer-1] Node -1 disconnected.
2026-05-07 11:34:45 [kafka-producer-network-thread | auth-service-producer-1] WARN  o.apache.kafka.clients.NetworkClient - [Producer clientId=auth-service-producer-1] Connection to node -1 (localhost/127.0.0.1:9092) could not be established. Node may not be available.
2026-05-07 11:34:45 [kafka-producer-network-thread | auth-service-producer-1] WARN  o.apache.kafka.clients.NetworkClient - [Producer clientId=auth-service-producer-1] Bootstrap broker localhost:9092 (id: -1 rack: null) disconnected
2026-05-07 11:34:46 [kafka-producer-network-thread | auth-service-producer-1] INFO  o.apache.kafka.clients.NetworkClient - [Producer clientId=auth-service-producer-1] Node -1 disconnected.
2026-05-07 11:34:46 [kafka-producer-network-thread | auth-service-producer-1] WARN  o.apache.kafka.clients.NetworkClient - [Producer clientId=auth-service-producer-1] Connection to node -1 (localhost/127.0.0.1:9092) could not be established. Node may not be available.
2026-05-07 11:34:46 [kafka-producer-network-thread | auth-service-producer-1] WARN  o.apache.kafka.clients.NetworkClient - [Producer clientId=auth-service-producer-1] Bootstrap broker localhost:9092 (id: -1 rack: null) disconnected
2026-05-07 11:34:47 [kafka-producer-network-thread | auth-service-producer-1] INFO  o.apache.kafka.clients.NetworkClient - [Producer clientId=auth-service-producer-1] Node -1 disconnected.
2026-05-07 11:34:47 [kafka-producer-network-thread | auth-service-producer-1] WARN  o.apache.kafka.clients.NetworkClient - [Producer clientId=auth-service-producer-1] Connection to node -1 (localhost/127.0.0.1:9092) could not be established. Node may not be available.
2026-05-07 11:34:47 [kafka-producer-network-thread | auth-service-producer-1] WARN  o.apache.kafka.clients.NetworkClient - [Producer clientId=auth-service-producer-1] Bootstrap broker localhost:9092 (id: -1 rack: null) disconnected
2026-05-07 11:34:48 [kafka-producer-network-thread | auth-service-producer-1] INFO  o.apache.kafka.clients.NetworkClient - [Producer clientId=auth-service-producer-1] Node -1 disconnected.
2026-05-07 11:34:48 [kafka-producer-network-thread | auth-service-producer-1] WARN  o.apache.kafka.clients.NetworkClient - [Producer clientId=auth-service-producer-1] Connection to node -1 (localhost/127.0.0.1:9092) could not be established. Node may not be available.
2026-05-07 11:34:48 [kafka-producer-network-thread | auth-service-producer-1] WARN  o.apache.kafka.clients.NetworkClient - [Producer clientId=auth-service-producer-1] Bootstrap broker localhost:9092 (id: -1 rack: null) disconnected
2026-05-07 11:34:49 [kafka-producer-network-thread | auth-service-producer-1] INFO  o.apache.kafka.clients.NetworkClient - [Producer clientId=auth-service-producer-1] Node -1 disconnected.
2026-05-07 11:34:49 [kafka-producer-network-thread | auth-service-producer-1] WARN  o.apache.kafka.clients.NetworkClient - [Producer clientId=auth-service-producer-1] Connection to node -1 (localhost/127.0.0.1:9092) could not be established. Node may not be available.
2026-05-07 11:34:49 [kafka-producer-network-thread | auth-service-producer-1] WARN  o.apache.kafka.clients.NetworkClient - [Producer clientId=auth-service-producer-1] Bootstrap broker localhost:9092 (id: -1 rack: null) disconnected
2026-05-07 11:34:50 [kafka-producer-network-thread | auth-service-producer-1] INFO  o.apache.kafka.clients.NetworkClient - [Producer clientId=auth-service-producer-1] Node -1 disconnected.
2026-05-07 11:34:50 [kafka-producer-network-thread | auth-service-producer-1] WARN  o.apache.kafka.clients.NetworkClient - [Producer clientId=auth-service-producer-1] Connection to node -1 (localhost/127.0.0.1:9092) could not be established. Node may not be available.
2026-05-07 11:34:50 [kafka-producer-network-thread | auth-service-producer-1] WARN  o.apache.kafka.clients.NetworkClient - [Producer clientId=auth-service-producer-1] Bootstrap broker localhost:9092 (id: -1 rack: null) disconnected
2026-05-07 11:34:51 [kafka-producer-network-thread | auth-service-producer-1] INFO  o.apache.kafka.clients.NetworkClient - [Producer clientId=auth-service-producer-1] Node -1 disconnected.
2026-05-07 11:34:51 [kafka-producer-network-thread | auth-service-producer-1] WARN  o.apache.kafka.clients.NetworkClient - [Producer clientId=auth-service-producer-1] Connection to node -1 (localhost/127.0.0.1:9092) could not be established. Node may not be available.
2026-05-07 11:34:51 [kafka-producer-network-thread | auth-service-producer-1] WARN  o.apache.kafka.clients.NetworkClient - [Producer clientId=auth-service-producer-1] Bootstrap broker localhost:9092 (id: -1 rack: null) disconnected
2026-05-07 11:34:52 [kafka-producer-network-thread | auth-service-producer-1] INFO  o.apache.kafka.clients.NetworkClient - [Producer clientId=auth-service-producer-1] Node -1 disconnected.
2026-05-07 11:34:52 [kafka-producer-network-thread | auth-service-producer-1] WARN  o.apache.kafka.clients.NetworkClient - [Producer clientId=auth-service-producer-1] Connection to node -1 (localhost/127.0.0.1:9092) could not be established. Node may not be available.
2026-05-07 11:34:52 [kafka-producer-network-thread | auth-service-producer-1] WARN  o.apache.kafka.clients.NetworkClient - [Producer clientId=auth-service-producer-1] Bootstrap broker localhost:9092 (id: -1 rack: null) disconnected
2026-05-07 11:34:53 [kafka-producer-network-thread | auth-service-producer-1] INFO  o.apache.kafka.clients.NetworkClient - [Producer clientId=auth-service-producer-1] Node -1 disconnected.
2026-05-07 11:34:53 [kafka-producer-network-thread | auth-service-producer-1] WARN  o.apache.kafka.clients.NetworkClient - [Producer clientId=auth-service-producer-1] Connection to node -1 (localhost/127.0.0.1:9092) could not be established. Node may not be available.
2026-05-07 11:34:53 [kafka-producer-network-thread | auth-service-producer-1] WARN  o.apache.kafka.clients.NetworkClient - [Producer clientId=auth-service-producer-1] Bootstrap broker localhost:9092 (id: -1 rack: null) disconnected
2026-05-07 11:34:54 [kafka-producer-network-thread | auth-service-producer-1] INFO  o.apache.kafka.clients.NetworkClient - [Producer clientId=auth-service-producer-1] Node -1 disconnected.
2026-05-07 11:34:54 [kafka-producer-network-thread | auth-service-producer-1] WARN  o.apache.kafka.clients.NetworkClient - [Producer clientId=auth-service-producer-1] Connection to node -1 (localhost/127.0.0.1:9092) could not be established. Node may not be available.
2026-05-07 11:34:54 [kafka-producer-network-thread | auth-service-producer-1] WARN  o.apache.kafka.clients.NetworkClient - [Producer clientId=auth-service-producer-1] Bootstrap broker localhost:9092 (id: -1 rack: null) disconnected
2026-05-07 11:34:55 [kafka-producer-network-thread | auth-service-producer-1] INFO  o.apache.kafka.clients.NetworkClient - [Producer clientId=auth-service-producer-1] Node -1 disconnected.
2026-05-07 11:34:55 [kafka-producer-network-thread | auth-service-producer-1] WARN  o.apache.kafka.clients.NetworkClient - [Producer clientId=auth-service-producer-1] Connection to node -1 (localhost/127.0.0.1:9092) could not be established. Node may not be available.
2026-05-07 11:34:55 [kafka-producer-network-thread | auth-service-producer-1] WARN  o.apache.kafka.clients.NetworkClient - [Producer clientId=auth-service-producer-1] Bootstrap broker localhost:9092 (id: -1 rack: null) disconnected
2026-05-07 11:34:56 [kafka-producer-network-thread | auth-service-producer-1] INFO  o.apache.kafka.clients.NetworkClient - [Producer clientId=auth-service-producer-1] Node -1 disconnected.
2026-05-07 11:34:56 [kafka-producer-network-thread | auth-service-producer-1] WARN  o.apache.kafka.clients.NetworkClient - [Producer clientId=auth-service-producer-1] Connection to node -1 (localhost/127.0.0.1:9092) could not be established. Node may not be available.
2026-05-07 11:34:56 [kafka-producer-network-thread | auth-service-producer-1] WARN  o.apache.kafka.clients.NetworkClient - [Producer clientId=auth-service-producer-1] Bootstrap broker localhost:9092 (id: -1 rack: null) disconnected
2026-05-07 11:34:57 [kafka-producer-network-thread | auth-service-producer-1] INFO  o.apache.kafka.clients.NetworkClient - [Producer clientId=auth-service-producer-1] Node -1 disconnected.
2026-05-07 11:34:57 [kafka-producer-network-thread | auth-service-producer-1] WARN  o.apache.kafka.clients.NetworkClient - [Producer clientId=auth-service-producer-1] Connection to node -1 (localhost/127.0.0.1:9092) could not be established. Node may not be available.
2026-05-07 11:34:57 [kafka-producer-network-thread | auth-service-producer-1] WARN  o.apache.kafka.clients.NetworkClient - [Producer clientId=auth-service-producer-1] Bootstrap broker localhost:9092 (id: -1 rack: null) disconnected
2026-05-07 11:34:58 [kafka-producer-network-thread | auth-service-producer-1] INFO  o.apache.kafka.clients.NetworkClient - [Producer clientId=auth-service-producer-1] Node -1 disconnected.
2026-05-07 11:34:58 [kafka-producer-network-thread | auth-service-producer-1] WARN  o.apache.kafka.clients.NetworkClient - [Producer clientId=auth-service-producer-1] Connection to node -1 (localhost/127.0.0.1:9092) could not be established. Node may not be available.
2026-05-07 11:34:58 [kafka-producer-network-thread | auth-service-producer-1] WARN  o.apache.kafka.clients.NetworkClient - [Producer clientId=auth-service-producer-1] Bootstrap broker localhost:9092 (id: -1 rack: null) disconnected
2026-05-07 11:34:59 [kafka-producer-network-thread | auth-service-producer-1] INFO  o.apache.kafka.clients.NetworkClient - [Producer clientId=auth-service-producer-1] Node -1 disconnected.
2026-05-07 11:34:59 [kafka-producer-network-thread | auth-service-producer-1] WARN  o.apache.kafka.clients.NetworkClient - [Producer clientId=auth-service-producer-1] Connection to node -1 (localhost/127.0.0.1:9092) could not be established. Node may not be available.
2026-05-07 11:34:59 [kafka-producer-network-thread | auth-service-producer-1] WARN  o.apache.kafka.clients.NetworkClient - [Producer clientId=auth-service-producer-1] Bootstrap broker localhost:9092 (id: -1 rack: null) disconnected
2026-05-07 11:35:00 [kafka-producer-network-thread | auth-service-producer-1] INFO  o.apache.kafka.clients.NetworkClient - [Producer clientId=auth-service-producer-1] Node -1 disconnected.
2026-05-07 11:35:00 [kafka-producer-network-thread | auth-service-producer-1] WARN  o.apache.kafka.clients.NetworkClient - [Producer clientId=auth-service-producer-1] Connection to node -1 (localhost/127.0.0.1:9092) could not be established. Node may not be available.
2026-05-07 11:35:00 [kafka-producer-network-thread | auth-service-producer-1] WARN  o.apache.kafka.clients.NetworkClient - [Producer clientId=auth-service-producer-1] Bootstrap broker localhost:9092 (id: -1 rack: null) disconnected
2026-05-07 11:35:01 [kafka-producer-network-thread | auth-service-producer-1] INFO  o.apache.kafka.clients.NetworkClient - [Producer clientId=auth-service-producer-1] Node -1 disconnected.
2026-05-07 11:35:01 [kafka-producer-network-thread | auth-service-producer-1] WARN  o.apache.kafka.clients.NetworkClient - [Producer clientId=auth-service-producer-1] Connection to node -1 (localhost/127.0.0.1:9092) could not be established. Node may not be available.
2026-05-07 11:35:01 [kafka-producer-network-thread | auth-service-producer-1] WARN  o.apache.kafka.clients.NetworkClient - [Producer clientId=auth-service-producer-1] Bootstrap broker localhost:9092 (id: -1 rack: null) disconnected
2026-05-07 11:35:02 [kafka-producer-network-thread | auth-service-producer-1] INFO  o.apache.kafka.clients.NetworkClient - [Producer clientId=auth-service-producer-1] Node -1 disconnected.
2026-05-07 11:35:02 [kafka-producer-network-thread | auth-service-producer-1] WARN  o.apache.kafka.clients.NetworkClient - [Producer clientId=auth-service-producer-1] Connection to node -1 (localhost/127.0.0.1:9092) could not be established. Node may not be available.
2026-05-07 11:35:02 [kafka-producer-network-thread | auth-service-producer-1] WARN  o.apache.kafka.clients.NetworkClient - [Producer clientId=auth-service-producer-1] Bootstrap broker localhost:9092 (id: -1 rack: null) disconnected
2026-05-07 11:35:03 [kafka-producer-network-thread | auth-service-producer-1] INFO  o.apache.kafka.clients.NetworkClient - [Producer clientId=auth-service-producer-1] Node -1 disconnected.
2026-05-07 11:35:03 [kafka-producer-network-thread | auth-service-producer-1] WARN  o.apache.kafka.clients.NetworkClient - [Producer clientId=auth-service-producer-1] Connection to node -1 (localhost/127.0.0.1:9092) could not be established. Node may not be available.
2026-05-07 11:35:03 [kafka-producer-network-thread | auth-service-producer-1] WARN  o.apache.kafka.clients.NetworkClient - [Producer clientId=auth-service-producer-1] Bootstrap broker localhost:9092 (id: -1 rack: null) disconnected
2026-05-07 11:35:04 [kafka-producer-network-thread | auth-service-producer-1] INFO  o.apache.kafka.clients.NetworkClient - [Producer clientId=auth-service-producer-1] Node -1 disconnected.
2026-05-07 11:35:04 [kafka-producer-network-thread | auth-service-producer-1] WARN  o.apache.kafka.clients.NetworkClient - [Producer clientId=auth-service-producer-1] Connection to node -1 (localhost/127.0.0.1:9092) could not be established. Node may not be available.
2026-05-07 11:35:04 [kafka-producer-network-thread | auth-service-producer-1] WARN  o.apache.kafka.clients.NetworkClient - [Producer clientId=auth-service-producer-1] Bootstrap broker localhost:9092 (id: -1 rack: null) disconnected
2026-05-07 11:35:05 [kafka-producer-network-thread | auth-service-producer-1] INFO  o.apache.kafka.clients.NetworkClient - [Producer clientId=auth-service-producer-1] Node -1 disconnected.
2026-05-07 11:35:05 [kafka-producer-network-thread | auth-service-producer-1] WARN  o.apache.kafka.clients.NetworkClient - [Producer clientId=auth-service-producer-1] Connection to node -1 (localhost/127.0.0.1:9092) could not be established. Node may not be available.
2026-05-07 11:35:05 [kafka-producer-network-thread | auth-service-producer-1] WARN  o.apache.kafka.clients.NetworkClient - [Producer clientId=auth-service-producer-1] Bootstrap broker localhost:9092 (id: -1 rack: null) disconnected
2026-05-07 11:35:06 [kafka-producer-network-thread | auth-service-producer-1] INFO  o.apache.kafka.clients.NetworkClient - [Producer clientId=auth-service-producer-1] Node -1 disconnected.
2026-05-07 11:35:06 [kafka-producer-network-thread | auth-service-producer-1] WARN  o.apache.kafka.clients.NetworkClient - [Producer clientId=auth-service-producer-1] Connection to node -1 (localhost/127.0.0.1:9092) could not be established. Node may not be available.
2026-05-07 11:35:06 [kafka-producer-network-thread | auth-service-producer-1] WARN  o.apache.kafka.clients.NetworkClient - [Producer clientId=auth-service-producer-1] Bootstrap broker localhost:9092 (id: -1 rack: null) disconnected
2026-05-07 11:35:07 [kafka-producer-network-thread | auth-service-producer-1] INFO  o.apache.kafka.clients.NetworkClient - [Producer clientId=auth-service-producer-1] Node -1 disconnected.
2026-05-07 11:35:07 [kafka-producer-network-thread | auth-service-producer-1] WARN  o.apache.kafka.clients.NetworkClient - [Producer clientId=auth-service-producer-1] Connection to node -1 (localhost/127.0.0.1:9092) could not be established. Node may not be available.
2026-05-07 11:35:07 [kafka-producer-network-thread | auth-service-producer-1] WARN  o.apache.kafka.clients.NetworkClient - [Producer clientId=auth-service-producer-1] Bootstrap broker localhost:9092 (id: -1 rack: null) disconnected
2026-05-07 11:35:08 [kafka-producer-network-thread | auth-service-producer-1] INFO  o.apache.kafka.clients.NetworkClient - [Producer clientId=auth-service-producer-1] Node -1 disconnected.
2026-05-07 11:35:08 [kafka-producer-network-thread | auth-service-producer-1] WARN  o.apache.kafka.clients.NetworkClient - [Producer clientId=auth-service-producer-1] Connection to node -1 (localhost/127.0.0.1:9092) could not be established. Node may not be available.
2026-05-07 11:35:08 [kafka-producer-network-thread | auth-service-producer-1] WARN  o.apache.kafka.clients.NetworkClient - [Producer clientId=auth-service-producer-1] Bootstrap broker localhost:9092 (id: -1 rack: null) disconnected
2026-05-07 11:35:09 [kafka-producer-network-thread | auth-service-producer-1] INFO  o.apache.kafka.clients.NetworkClient - [Producer clientId=auth-service-producer-1] Node -1 disconnected.
2026-05-07 11:35:09 [kafka-producer-network-thread | auth-service-producer-1] WARN  o.apache.kafka.clients.NetworkClient - [Producer clientId=auth-service-producer-1] Connection to node -1 (localhost/127.0.0.1:9092) could not be established. Node may not be available.
2026-05-07 11:35:09 [kafka-producer-network-thread | auth-service-producer-1] WARN  o.apache.kafka.clients.NetworkClient - [Producer clientId=auth-service-producer-1] Bootstrap broker localhost:9092 (id: -1 rack: null) disconnected
2026-05-07 11:35:10 [kafka-producer-network-thread | auth-service-producer-1] INFO  o.apache.kafka.clients.NetworkClient - [Producer clientId=auth-service-producer-1] Node -1 disconnected.
2026-05-07 11:35:10 [kafka-producer-network-thread | auth-service-producer-1] WARN  o.apache.kafka.clients.NetworkClient - [Producer clientId=auth-service-producer-1] Connection to node -1 (localhost/127.0.0.1:9092) could not be established. Node may not be available.
2026-05-07 11:35:10 [kafka-producer-network-thread | auth-service-producer-1] WARN  o.apache.kafka.clients.NetworkClient - [Producer clientId=auth-service-producer-1] Bootstrap broker localhost:9092 (id: -1 rack: null) disconnected
2026-05-07 11:35:11 [kafka-producer-network-thread | auth-service-producer-1] INFO  o.apache.kafka.clients.NetworkClient - [Producer clientId=auth-service-producer-1] Node -1 disconnected.
2026-05-07 11:35:11 [kafka-producer-network-thread | auth-service-producer-1] WARN  o.apache.kafka.clients.NetworkClient - [Producer clientId=auth-service-producer-1] Connection to node -1 (localhost/127.0.0.1:9092) could not be established. Node may not be available.
2026-05-07 11:35:11 [kafka-producer-network-thread | auth-service-producer-1] WARN  o.apache.kafka.clients.NetworkClient - [Producer clientId=auth-service-producer-1] Bootstrap broker localhost:9092 (id: -1 rack: null) disconnected
2026-05-07 11:35:12 [kafka-producer-network-thread | auth-service-producer-1] INFO  o.apache.kafka.clients.NetworkClient - [Producer clientId=auth-service-producer-1] Node -1 disconnected.
2026-05-07 11:35:12 [kafka-producer-network-thread | auth-service-producer-1] WARN  o.apache.kafka.clients.NetworkClient - [Producer clientId=auth-service-producer-1] Connection to node -1 (localhost/127.0.0.1:9092) could not be established. Node may not be available.
2026-05-07 11:35:12 [kafka-producer-network-thread | auth-service-producer-1] WARN  o.apache.kafka.clients.NetworkClient - [Producer clientId=auth-service-producer-1] Bootstrap broker localhost:9092 (id: -1 rack: null) disconnected
2026-05-07 11:35:13 [kafka-producer-network-thread | auth-service-producer-1] INFO  o.apache.kafka.clients.NetworkClient - [Producer clientId=auth-service-producer-1] Node -1 disconnected.
2026-05-07 11:35:13 [kafka-producer-network-thread | auth-service-producer-1] WARN  o.apache.kafka.clients.NetworkClient - [Producer clientId=auth-service-producer-1] Connection to node -1 (localhost/127.0.0.1:9092) could not be established. Node may not be available.
2026-05-07 11:35:13 [kafka-producer-network-thread | auth-service-producer-1] WARN  o.apache.kafka.clients.NetworkClient - [Producer clientId=auth-service-producer-1] Bootstrap broker localhost:9092 (id: -1 rack: null) disconnected
2026-05-07 11:35:14 [kafka-producer-network-thread | auth-service-producer-1] INFO  o.apache.kafka.clients.NetworkClient - [Producer clientId=auth-service-producer-1] Node -1 disconnected.
2026-05-07 11:35:14 [kafka-producer-network-thread | auth-service-producer-1] WARN  o.apache.kafka.clients.NetworkClient - [Producer clientId=auth-service-producer-1] Connection to node -1 (localhost/127.0.0.1:9092) could not be established. Node may not be available.
2026-05-07 11:35:14 [kafka-producer-network-thread | auth-service-producer-1] WARN  o.apache.kafka.clients.NetworkClient - [Producer clientId=auth-service-producer-1] Bootstrap broker localhost:9092 (id: -1 rack: null) disconnected
2026-05-07 11:35:15 [kafka-producer-network-thread | auth-service-producer-1] INFO  o.apache.kafka.clients.NetworkClient - [Producer clientId=auth-service-producer-1] Node -1 disconnected.
2026-05-07 11:35:15 [kafka-producer-network-thread | auth-service-producer-1] WARN  o.apache.kafka.clients.NetworkClient - [Producer clientId=auth-service-producer-1] Connection to node -1 (localhost/127.0.0.1:9092) could not be established. Node may not be available.
2026-05-07 11:35:15 [kafka-producer-network-thread | auth-service-producer-1] WARN  o.apache.kafka.clients.NetworkClient - [Producer clientId=auth-service-producer-1] Bootstrap broker localhost:9092 (id: -1 rack: null) disconnected
2026-05-07 11:35:15 [http-nio-8081-exec-2] ERROR o.s.k.s.LoggingProducerListener - Exception thrown when sending a message with key='e2euser_23336' and payload='UserRegisteredEvent(username=e2euser_23336, password=$2a$10$rYjoRcX/fSftnIaWGNNFwuJ2U9NOtmYm92iqGV.K...' to topic user-registered-topic:
org.apache.kafka.common.errors.TimeoutException: Topic user-registered-topic not present in metadata after 60000 ms.
2026-05-07 11:35:16 [kafka-producer-network-thread | auth-service-producer-1] INFO  o.apache.kafka.clients.NetworkClient - [Producer clientId=auth-service-producer-1] Node -1 disconnected.
2026-05-07 11:35:16 [kafka-producer-network-thread | auth-service-producer-1] WARN  o.apache.kafka.clients.NetworkClient - [Producer clientId=auth-service-producer-1] Connection to node -1 (localhost/127.0.0.1:9092) could not be established. Node may not be available.
2026-05-07 11:35:16 [kafka-producer-network-thread | auth-service-producer-1] WARN  o.apache.kafka.clients.NetworkClient - [Producer clientId=auth-service-producer-1] Bootstrap broker localhost:9092 (id: -1 rack: null) disconnected
2026-05-07 11:35:17 [kafka-producer-network-thread | auth-service-producer-1] INFO  o.apache.kafka.clients.NetworkClient - [Producer clientId=auth-service-producer-1] Node -1 disconnected.
2026-05-07 11:35:17 [kafka-producer-network-thread | auth-service-producer-1] WARN  o.apache.kafka.clients.NetworkClient - [Producer clientId=auth-service-producer-1] Connection to node -1 (localhost/127.0.0.1:9092) could not be established. Node may not be available.
2026-05-07 11:35:17 [kafka-producer-network-thread | auth-service-producer-1] WARN  o.apache.kafka.clients.NetworkClient - [Producer clientId=auth-service-producer-1] Bootstrap broker localhost:9092 (id: -1 rack: null) disconnected
2026-05-07 11:35:17 [kafka-producer-network-thread | auth-service-producer-1] INFO  o.apache.kafka.clients.NetworkClient - [Producer clientId=auth-service-producer-1] Node -1 disconnected.
2026-05-07 11:35:17 [kafka-producer-network-thread | auth-service-producer-1] WARN  o.apache.kafka.clients.NetworkClient - [Producer clientId=auth-service-producer-1] Connection to node -1 (localhost/127.0.0.1:9092) could not be established. Node may not be available.
2026-05-07 11:35:17 [kafka-producer-network-thread | auth-service-producer-1] WARN  o.apache.kafka.clients.NetworkClient - [Producer clientId=auth-service-producer-1] Bootstrap broker localhost:9092 (id: -1 rack: null) disconnected
2026-05-07 11:35:18 [kafka-producer-network-thread | auth-service-producer-1] INFO  o.apache.kafka.clients.NetworkClient - [Producer clientId=auth-service-producer-1] Node -1 disconnected.
2026-05-07 11:35:18 [kafka-producer-network-thread | auth-service-producer-1] WARN  o.apache.kafka.clients.NetworkClient - [Producer clientId=auth-service-producer-1] Connection to node -1 (localhost/127.0.0.1:9092) could not be established. Node may not be available.
2026-05-07 11:35:18 [kafka-producer-network-thread | auth-service-producer-1] WARN  o.apache.kafka.clients.NetworkClient - [Producer clientId=auth-service-producer-1] Bootstrap broker localhost:9092 (id: -1 rack: null) disconnected
2026-05-07 11:35:19 [kafka-producer-network-thread | auth-service-producer-1] INFO  o.apache.kafka.clients.NetworkClient - [Producer clientId=auth-service-producer-1] Node -1 disconnected.
2026-05-07 11:35:19 [kafka-producer-network-thread | auth-service-producer-1] WARN  o.apache.kafka.clients.NetworkClient - [Producer clientId=auth-service-producer-1] Connection to node -1 (localhost/127.0.0.1:9092) could not be established. Node may not be available.
2026-05-07 11:35:19 [kafka-producer-network-thread | auth-service-producer-1] WARN  o.apache.kafka.clients.NetworkClient - [Producer clientId=auth-service-producer-1] Bootstrap broker localhost:9092 (id: -1 rack: null) disconnected
2026-05-07 11:35:20 [kafka-producer-network-thread | auth-service-producer-1] INFO  o.apache.kafka.clients.NetworkClient - [Producer clientId=auth-service-producer-1] Node -1 disconnected.
2026-05-07 11:35:20 [kafka-producer-network-thread | auth-service-producer-1] WARN  o.apache.kafka.clients.NetworkClient - [Producer clientId=auth-service-producer-1] Connection to node -1 (localhost/127.0.0.1:9092) could not be established. Node may not be available.
2026-05-07 11:35:20 [kafka-producer-network-thread | auth-service-producer-1] WARN  o.apache.kafka.clients.NetworkClient - [Producer clientId=auth-service-producer-1] Bootstrap broker localhost:9092 (id: -1 rack: null) disconnected
2026-05-07 11:35:21 [kafka-producer-network-thread | auth-service-producer-1] INFO  o.apache.kafka.clients.NetworkClient - [Producer clientId=auth-service-producer-1] Node -1 disconnected.
2026-05-07 11:35:21 [kafka-producer-network-thread | auth-service-producer-1] WARN  o.apache.kafka.clients.NetworkClient - [Producer clientId=auth-service-producer-1] Connection to node -1 (localhost/127.0.0.1:9092) could not be established. Node may not be available.
2026-05-07 11:35:21 [kafka-producer-network-thread | auth-service-producer-1] WARN  o.apache.kafka.clients.NetworkClient - [Producer clientId=auth-service-producer-1] Bootstrap broker localhost:9092 (id: -1 rack: null) disconnected
2026-05-07 11:35:22 [kafka-producer-network-thread | auth-service-producer-1] INFO  o.apache.kafka.clients.NetworkClient - [Producer clientId=auth-service-producer-1] Node -1 disconnected.
2026-05-07 11:35:22 [kafka-producer-network-thread | auth-service-producer-1] WARN  o.apache.kafka.clients.NetworkClient - [Producer clientId=auth-service-producer-1] Connection to node -1 (localhost/127.0.0.1:9092) could not be established. Node may not be available.
2026-05-07 11:35:22 [kafka-producer-network-thread | auth-service-producer-1] WARN  o.apache.kafka.clients.NetworkClient - [Producer clientId=auth-service-producer-1] Bootstrap broker localhost:9092 (id: -1 rack: null) disconnected
2026-05-07 11:35:23 [kafka-producer-network-thread | auth-service-producer-1] INFO  o.apache.kafka.clients.NetworkClient - [Producer clientId=auth-service-producer-1] Node -1 disconnected.
2026-05-07 11:35:23 [kafka-producer-network-thread | auth-service-producer-1] WARN  o.apache.kafka.clients.NetworkClient - [Producer clientId=auth-service-producer-1] Connection to node -1 (localhost/127.0.0.1:9092) could not be established. Node may not be available.
2026-05-07 11:35:23 [kafka-producer-network-thread | auth-service-producer-1] WARN  o.apache.kafka.clients.NetworkClient - [Producer clientId=auth-service-producer-1] Bootstrap broker localhost:9092 (id: -1 rack: null) disconnected
2026-05-07 11:35:24 [kafka-producer-network-thread | auth-service-producer-1] INFO  o.apache.kafka.clients.NetworkClient - [Producer clientId=auth-service-producer-1] Node -1 disconnected.
2026-05-07 11:35:24 [kafka-producer-network-thread | auth-service-producer-1] WARN  o.apache.kafka.clients.NetworkClient - [Producer clientId=auth-service-producer-1] Connection to node -1 (localhost/127.0.0.1:9092) could not be established. Node may not be available.
2026-05-07 11:35:24 [kafka-producer-network-thread | auth-service-producer-1] WARN  o.apache.kafka.clients.NetworkClient - [Producer clientId=auth-service-producer-1] Bootstrap broker localhost:9092 (id: -1 rack: null) disconnected
2026-05-07 11:35:25 [kafka-producer-network-thread | auth-service-producer-1] INFO  o.apache.kafka.clients.NetworkClient - [Producer clientId=auth-service-producer-1] Node -1 disconnected.
2026-05-07 11:35:25 [kafka-producer-network-thread | auth-service-producer-1] WARN  o.apache.kafka.clients.NetworkClient - [Producer clientId=auth-service-producer-1] Connection to node -1 (localhost/127.0.0.1:9092) could not be established. Node may not be available.
2026-05-07 11:35:25 [kafka-producer-network-thread | auth-service-producer-1] WARN  o.apache.kafka.clients.NetworkClient - [Producer clientId=auth-service-producer-1] Bootstrap broker localhost:9092 (id: -1 rack: null) disconnected
2026-05-07 11:35:26 [kafka-producer-network-thread | auth-service-producer-1] INFO  o.apache.kafka.clients.NetworkClient - [Producer clientId=auth-service-producer-1] Node -1 disconnected.
2026-05-07 11:35:26 [kafka-producer-network-thread | auth-service-producer-1] WARN  o.apache.kafka.clients.NetworkClient - [Producer clientId=auth-service-producer-1] Connection to node -1 (localhost/127.0.0.1:9092) could not be established. Node may not be available.
2026-05-07 11:35:26 [kafka-producer-network-thread | auth-service-producer-1] WARN  o.apache.kafka.clients.NetworkClient - [Producer clientId=auth-service-producer-1] Bootstrap broker localhost:9092 (id: -1 rack: null) disconnected
2026-05-07 11:35:27 [kafka-producer-network-thread | auth-service-producer-1] INFO  o.apache.kafka.clients.NetworkClient - [Producer clientId=auth-service-producer-1] Node -1 disconnected.
2026-05-07 11:35:27 [kafka-producer-network-thread | auth-service-producer-1] WARN  o.apache.kafka.clients.NetworkClient - [Producer clientId=auth-service-producer-1] Connection to node -1 (localhost/127.0.0.1:9092) could not be established. Node may not be available.
2026-05-07 11:35:27 [kafka-producer-network-thread | auth-service-producer-1] WARN  o.apache.kafka.clients.NetworkClient - [Producer clientId=auth-service-producer-1] Bootstrap broker localhost:9092 (id: -1 rack: null) disconnected
2026-05-07 11:35:28 [kafka-producer-network-thread | auth-service-producer-1] INFO  o.apache.kafka.clients.NetworkClient - [Producer clientId=auth-service-producer-1] Node -1 disconnected.
2026-05-07 11:35:28 [kafka-producer-network-thread | auth-service-producer-1] WARN  o.apache.kafka.clients.NetworkClient - [Producer clientId=auth-service-producer-1] Connection to node -1 (localhost/127.0.0.1:9092) could not be established. Node may not be available.
2026-05-07 11:35:28 [kafka-producer-network-thread | auth-service-producer-1] WARN  o.apache.kafka.clients.NetworkClient - [Producer clientId=auth-service-producer-1] Bootstrap broker localhost:9092 (id: -1 rack: null) disconnected
2026-05-07 11:35:29 [kafka-producer-network-thread | auth-service-producer-1] INFO  o.apache.kafka.clients.NetworkClient - [Producer clientId=auth-service-producer-1] Node -1 disconnected.
2026-05-07 11:35:29 [kafka-producer-network-thread | auth-service-producer-1] WARN  o.apache.kafka.clients.NetworkClient - [Producer clientId=auth-service-producer-1] Connection to node -1 (localhost/127.0.0.1:9092) could not be established. Node may not be available.
2026-05-07 11:35:29 [kafka-producer-network-thread | auth-service-producer-1] WARN  o.apache.kafka.clients.NetworkClient - [Producer clientId=auth-service-producer-1] Bootstrap broker localhost:9092 (id: -1 rack: null) disconnected
2026-05-07 11:35:30 [kafka-producer-network-thread | auth-service-producer-1] INFO  o.apache.kafka.clients.NetworkClient - [Producer clientId=auth-service-producer-1] Node -1 disconnected.
2026-05-07 11:35:30 [kafka-producer-network-thread | auth-service-producer-1] WARN  o.apache.kafka.clients.NetworkClient - [Producer clientId=auth-service-producer-1] Connection to node -1 (localhost/127.0.0.1:9092) could not be established. Node may not be available.
2026-05-07 11:35:30 [kafka-producer-network-thread | auth-service-producer-1] WARN  o.apache.kafka.clients.NetworkClient - [Producer clientId=auth-service-producer-1] Bootstrap broker localhost:9092 (id: -1 rack: null) disconnected
2026-05-07 11:35:31 [kafka-producer-network-thread | auth-service-producer-1] INFO  o.apache.kafka.clients.NetworkClient - [Producer clientId=auth-service-producer-1] Node -1 disconnected.
2026-05-07 11:35:31 [kafka-producer-network-thread | auth-service-producer-1] WARN  o.apache.kafka.clients.NetworkClient - [Producer clientId=auth-service-producer-1] Connection to node -1 (localhost/127.0.0.1:9092) could not be established. Node may not be available.
2026-05-07 11:35:31 [kafka-producer-network-thread | auth-service-producer-1] WARN  o.apache.kafka.clients.NetworkClient - [Producer clientId=auth-service-producer-1] Bootstrap broker localhost:9092 (id: -1 rack: null) disconnected
2026-05-07 11:35:32 [kafka-producer-network-thread | auth-service-producer-1] INFO  o.apache.kafka.clients.NetworkClient - [Producer clientId=auth-service-producer-1] Node -1 disconnected.
2026-05-07 11:35:32 [kafka-producer-network-thread | auth-service-producer-1] WARN  o.apache.kafka.clients.NetworkClient - [Producer clientId=auth-service-producer-1] Connection to node -1 (localhost/127.0.0.1:9092) could not be established. Node may not be available.
2026-05-07 11:35:32 [kafka-producer-network-thread | auth-service-producer-1] WARN  o.apache.kafka.clients.NetworkClient - [Producer clientId=auth-service-producer-1] Bootstrap broker localhost:9092 (id: -1 rack: null) disconnected
2026-05-07 11:35:33 [kafka-producer-network-thread | auth-service-producer-1] INFO  o.apache.kafka.clients.NetworkClient - [Producer clientId=auth-service-producer-1] Node -1 disconnected.
2026-05-07 11:35:33 [kafka-producer-network-thread | auth-service-producer-1] WARN  o.apache.kafka.clients.NetworkClient - [Producer clientId=auth-service-producer-1] Connection to node -1 (localhost/127.0.0.1:9092) could not be established. Node may not be available.
2026-05-07 11:35:33 [kafka-producer-network-thread | auth-service-producer-1] WARN  o.apache.kafka.clients.NetworkClient - [Producer clientId=auth-service-producer-1] Bootstrap broker localhost:9092 (id: -1 rack: null) disconnected
2026-05-07 11:35:34 [kafka-producer-network-thread | auth-service-producer-1] INFO  o.apache.kafka.clients.NetworkClient - [Producer clientId=auth-service-producer-1] Node -1 disconnected.
2026-05-07 11:35:34 [kafka-producer-network-thread | auth-service-producer-1] WARN  o.apache.kafka.clients.NetworkClient - [Producer clientId=auth-service-producer-1] Connection to node -1 (localhost/127.0.0.1:9092) could not be established. Node may not be available.
2026-05-07 11:35:34 [kafka-producer-network-thread | auth-service-producer-1] WARN  o.apache.kafka.clients.NetworkClient - [Producer clientId=auth-service-producer-1] Bootstrap broker localhost:9092 (id: -1 rack: null) disconnected
2026-05-07 11:35:35 [kafka-producer-network-thread | auth-service-producer-1] INFO  o.apache.kafka.clients.NetworkClient - [Producer clientId=auth-service-producer-1] Node -1 disconnected.
2026-05-07 11:35:35 [kafka-producer-network-thread | auth-service-producer-1] WARN  o.apache.kafka.clients.NetworkClient - [Producer clientId=auth-service-producer-1] Connection to node -1 (localhost/127.0.0.1:9092) could not be established. Node may not be available.
2026-05-07 11:35:35 [kafka-producer-network-thread | auth-service-producer-1] WARN  o.apache.kafka.clients.NetworkClient - [Producer clientId=auth-service-producer-1] Bootstrap broker localhost:9092 (id: -1 rack: null) disconnected
2026-05-07 11:35:36 [kafka-producer-network-thread | auth-service-producer-1] INFO  o.apache.kafka.clients.NetworkClient - [Producer clientId=auth-service-producer-1] Node -1 disconnected.
2026-05-07 11:35:36 [kafka-producer-network-thread | auth-service-producer-1] WARN  o.apache.kafka.clients.NetworkClient - [Producer clientId=auth-service-producer-1] Connection to node -1 (localhost/127.0.0.1:9092) could not be established. Node may not be available.
2026-05-07 11:35:36 [kafka-producer-network-thread | auth-service-producer-1] WARN  o.apache.kafka.clients.NetworkClient - [Producer clientId=auth-service-producer-1] Bootstrap broker localhost:9092 (id: -1 rack: null) disconnected
2026-05-07 11:35:37 [kafka-producer-network-thread | auth-service-producer-1] INFO  o.apache.kafka.clients.NetworkClient - [Producer clientId=auth-service-producer-1] Node -1 disconnected.
2026-05-07 11:35:37 [kafka-producer-network-thread | auth-service-producer-1] WARN  o.apache.kafka.clients.NetworkClient - [Producer clientId=auth-service-producer-1] Connection to node -1 (localhost/127.0.0.1:9092) could not be established. Node may not be available.
2026-05-07 11:35:37 [kafka-producer-network-thread | auth-service-producer-1] WARN  o.apache.kafka.clients.NetworkClient - [Producer clientId=auth-service-producer-1] Bootstrap broker localhost:9092 (id: -1 rack: null) disconnected
2026-05-07 11:35:38 [kafka-producer-network-thread | auth-service-producer-1] INFO  o.apache.kafka.clients.NetworkClient - [Producer clientId=auth-service-producer-1] Node -1 disconnected.
2026-05-07 11:35:38 [kafka-producer-network-thread | auth-service-producer-1] WARN  o.apache.kafka.clients.NetworkClient - [Producer clientId=auth-service-producer-1] Connection to node -1 (localhost/127.0.0.1:9092) could not be established. Node may not be available.
2026-05-07 11:35:38 [kafka-producer-network-thread | auth-service-producer-1] WARN  o.apache.kafka.clients.NetworkClient - [Producer clientId=auth-service-producer-1] Bootstrap broker localhost:9092 (id: -1 rack: null) disconnected
2026-05-07 11:35:39 [kafka-producer-network-thread | auth-service-producer-1] INFO  o.apache.kafka.clients.NetworkClient - [Producer clientId=auth-service-producer-1] Node -1 disconnected.
2026-05-07 11:35:39 [kafka-producer-network-thread | auth-service-producer-1] WARN  o.apache.kafka.clients.NetworkClient - [Producer clientId=auth-service-producer-1] Connection to node -1 (localhost/127.0.0.1:9092) could not be established. Node may not be available.
2026-05-07 11:35:39 [kafka-producer-network-thread | auth-service-producer-1] WARN  o.apache.kafka.clients.NetworkClient - [Producer clientId=auth-service-producer-1] Bootstrap broker localhost:9092 (id: -1 rack: null) disconnected
2026-05-07 11:35:40 [kafka-producer-network-thread | auth-service-producer-1] INFO  o.apache.kafka.clients.NetworkClient - [Producer clientId=auth-service-producer-1] Node -1 disconnected.
2026-05-07 11:35:40 [kafka-producer-network-thread | auth-service-producer-1] WARN  o.apache.kafka.clients.NetworkClient - [Producer clientId=auth-service-producer-1] Connection to node -1 (localhost/127.0.0.1:9092) could not be established. Node may not be available.
2026-05-07 11:35:40 [kafka-producer-network-thread | auth-service-producer-1] WARN  o.apache.kafka.clients.NetworkClient - [Producer clientId=auth-service-producer-1] Bootstrap broker localhost:9092 (id: -1 rack: null) disconnected
2026-05-07 11:35:41 [kafka-producer-network-thread | auth-service-producer-1] INFO  o.apache.kafka.clients.NetworkClient - [Producer clientId=auth-service-producer-1] Node -1 disconnected.
2026-05-07 11:35:41 [kafka-producer-network-thread | auth-service-producer-1] WARN  o.apache.kafka.clients.NetworkClient - [Producer clientId=auth-service-producer-1] Connection to node -1 (localhost/127.0.0.1:9092) could not be established. Node may not be available.
2026-05-07 11:35:41 [kafka-producer-network-thread | auth-service-producer-1] WARN  o.apache.kafka.clients.NetworkClient - [Producer clientId=auth-service-producer-1] Bootstrap broker localhost:9092 (id: -1 rack: null) disconnected
2026-05-07 11:35:42 [kafka-producer-network-thread | auth-service-producer-1] INFO  o.apache.kafka.clients.NetworkClient - [Producer clientId=auth-service-producer-1] Node -1 disconnected.
2026-05-07 11:35:42 [kafka-producer-network-thread | auth-service-producer-1] WARN  o.apache.kafka.clients.NetworkClient - [Producer clientId=auth-service-producer-1] Connection to node -1 (localhost/127.0.0.1:9092) could not be established. Node may not be available.
2026-05-07 11:35:42 [kafka-producer-network-thread | auth-service-producer-1] WARN  o.apache.kafka.clients.NetworkClient - [Producer clientId=auth-service-producer-1] Bootstrap broker localhost:9092 (id: -1 rack: null) disconnected
2026-05-07 11:35:43 [kafka-producer-network-thread | auth-service-producer-1] INFO  o.apache.kafka.clients.NetworkClient - [Producer clientId=auth-service-producer-1] Node -1 disconnected.
2026-05-07 11:35:43 [kafka-producer-network-thread | auth-service-producer-1] WARN  o.apache.kafka.clients.NetworkClient - [Producer clientId=auth-service-producer-1] Connection to node -1 (localhost/127.0.0.1:9092) could not be established. Node may not be available.
2026-05-07 11:35:43 [kafka-producer-network-thread | auth-service-producer-1] WARN  o.apache.kafka.clients.NetworkClient - [Producer clientId=auth-service-producer-1] Bootstrap broker localhost:9092 (id: -1 rack: null) disconnected
2026-05-07 11:35:44 [kafka-producer-network-thread | auth-service-producer-1] INFO  o.apache.kafka.clients.NetworkClient - [Producer clientId=auth-service-producer-1] Node -1 disconnected.
2026-05-07 11:35:44 [kafka-producer-network-thread | auth-service-producer-1] WARN  o.apache.kafka.clients.NetworkClient - [Producer clientId=auth-service-producer-1] Connection to node -1 (localhost/127.0.0.1:9092) could not be established. Node may not be available.
2026-05-07 11:35:44 [kafka-producer-network-thread | auth-service-producer-1] WARN  o.apache.kafka.clients.NetworkClient - [Producer clientId=auth-service-producer-1] Bootstrap broker localhost:9092 (id: -1 rack: null) disconnected
2026-05-07 11:35:45 [kafka-producer-network-thread | auth-service-producer-1] INFO  o.apache.kafka.clients.NetworkClient - [Producer clientId=auth-service-producer-1] Node -1 disconnected.
2026-05-07 11:35:45 [kafka-producer-network-thread | auth-service-producer-1] WARN  o.apache.kafka.clients.NetworkClient - [Producer clientId=auth-service-producer-1] Connection to node -1 (localhost/127.0.0.1:9092) could not be established. Node may not be available.
2026-05-07 11:35:45 [kafka-producer-network-thread | auth-service-producer-1] WARN  o.apache.kafka.clients.NetworkClient - [Producer clientId=auth-service-producer-1] Bootstrap broker localhost:9092 (id: -1 rack: null) disconnected
2026-05-07 11:35:46 [kafka-producer-network-thread | auth-service-producer-1] INFO  o.apache.kafka.clients.NetworkClient - [Producer clientId=auth-service-producer-1] Node -1 disconnected.
2026-05-07 11:35:46 [kafka-producer-network-thread | auth-service-producer-1] WARN  o.apache.kafka.clients.NetworkClient - [Producer clientId=auth-service-producer-1] Connection to node -1 (localhost/127.0.0.1:9092) could not be established. Node may not be available.
2026-05-07 11:35:46 [kafka-producer-network-thread | auth-service-producer-1] WARN  o.apache.kafka.clients.NetworkClient - [Producer clientId=auth-service-producer-1] Bootstrap broker localhost:9092 (id: -1 rack: null) disconnected
2026-05-07 11:35:46 [http-nio-8081-exec-8] INFO  com.r2s.auth.service.AuthService - Registering new user: e2euser_29243
2026-05-07 11:35:46 [http-nio-8081-exec-8] INFO  com.r2s.auth.service.AuthService - User registered successfully: e2euser_29243
2026-05-07 11:35:46 [http-nio-8081-exec-8] INFO  c.r2s.auth.kafka.UserEventProducer - Sending UserRegistered event: e2euser_29243
2026-05-07 11:35:47 [kafka-producer-network-thread | auth-service-producer-1] INFO  o.apache.kafka.clients.NetworkClient - [Producer clientId=auth-service-producer-1] Node -1 disconnected.
2026-05-07 11:35:47 [kafka-producer-network-thread | auth-service-producer-1] WARN  o.apache.kafka.clients.NetworkClient - [Producer clientId=auth-service-producer-1] Connection to node -1 (localhost/127.0.0.1:9092) could not be established. Node may not be available.
2026-05-07 11:35:47 [kafka-producer-network-thread | auth-service-producer-1] WARN  o.apache.kafka.clients.NetworkClient - [Producer clientId=auth-service-producer-1] Bootstrap broker localhost:9092 (id: -1 rack: null) disconnected
2026-05-07 11:35:48 [kafka-producer-network-thread | auth-service-producer-1] INFO  o.apache.kafka.clients.NetworkClient - [Producer clientId=auth-service-producer-1] Node -1 disconnected.
2026-05-07 11:35:48 [kafka-producer-network-thread | auth-service-producer-1] WARN  o.apache.kafka.clients.NetworkClient - [Producer clientId=auth-service-producer-1] Connection to node -1 (localhost/127.0.0.1:9092) could not be established. Node may not be available.
2026-05-07 11:35:48 [kafka-producer-network-thread | auth-service-producer-1] WARN  o.apache.kafka.clients.NetworkClient - [Producer clientId=auth-service-producer-1] Bootstrap broker localhost:9092 (id: -1 rack: null) disconnected
2026-05-07 11:35:49 [kafka-producer-network-thread | auth-service-producer-1] INFO  o.apache.kafka.clients.NetworkClient - [Producer clientId=auth-service-producer-1] Node -1 disconnected.
2026-05-07 11:35:49 [kafka-producer-network-thread | auth-service-producer-1] WARN  o.apache.kafka.clients.NetworkClient - [Producer clientId=auth-service-producer-1] Connection to node -1 (localhost/127.0.0.1:9092) could not be established. Node may not be available.
2026-05-07 11:35:49 [kafka-producer-network-thread | auth-service-producer-1] WARN  o.apache.kafka.clients.NetworkClient - [Producer clientId=auth-service-producer-1] Bootstrap broker localhost:9092 (id: -1 rack: null) disconnected
2026-05-07 11:35:50 [kafka-producer-network-thread | auth-service-producer-1] INFO  o.apache.kafka.clients.NetworkClient - [Producer clientId=auth-service-producer-1] Node -1 disconnected.
2026-05-07 11:35:50 [kafka-producer-network-thread | auth-service-producer-1] WARN  o.apache.kafka.clients.NetworkClient - [Producer clientId=auth-service-producer-1] Connection to node -1 (localhost/127.0.0.1:9092) could not be established. Node may not be available.
2026-05-07 11:35:50 [kafka-producer-network-thread | auth-service-producer-1] WARN  o.apache.kafka.clients.NetworkClient - [Producer clientId=auth-service-producer-1] Bootstrap broker localhost:9092 (id: -1 rack: null) disconnected
2026-05-07 11:35:51 [kafka-producer-network-thread | auth-service-producer-1] INFO  o.apache.kafka.clients.NetworkClient - [Producer clientId=auth-service-producer-1] Node -1 disconnected.
2026-05-07 11:35:51 [kafka-producer-network-thread | auth-service-producer-1] WARN  o.apache.kafka.clients.NetworkClient - [Producer clientId=auth-service-producer-1] Connection to node -1 (localhost/127.0.0.1:9092) could not be established. Node may not be available.
2026-05-07 11:35:51 [kafka-producer-network-thread | auth-service-producer-1] WARN  o.apache.kafka.clients.NetworkClient - [Producer clientId=auth-service-producer-1] Bootstrap broker localhost:9092 (id: -1 rack: null) disconnected
2026-05-07 11:35:52 [kafka-producer-network-thread | auth-service-producer-1] INFO  o.apache.kafka.clients.NetworkClient - [Producer clientId=auth-service-producer-1] Node -1 disconnected.
2026-05-07 11:35:52 [kafka-producer-network-thread | auth-service-producer-1] WARN  o.apache.kafka.clients.NetworkClient - [Producer clientId=auth-service-producer-1] Connection to node -1 (localhost/127.0.0.1:9092) could not be established. Node may not be available.
2026-05-07 11:35:52 [kafka-producer-network-thread | auth-service-producer-1] WARN  o.apache.kafka.clients.NetworkClient - [Producer clientId=auth-service-producer-1] Bootstrap broker localhost:9092 (id: -1 rack: null) disconnected
2026-05-07 11:35:53 [kafka-producer-network-thread | auth-service-producer-1] INFO  o.apache.kafka.clients.NetworkClient - [Producer clientId=auth-service-producer-1] Node -1 disconnected.
2026-05-07 11:35:53 [kafka-producer-network-thread | auth-service-producer-1] WARN  o.apache.kafka.clients.NetworkClient - [Producer clientId=auth-service-producer-1] Connection to node -1 (localhost/127.0.0.1:9092) could not be established. Node may not be available.
2026-05-07 11:35:53 [kafka-producer-network-thread | auth-service-producer-1] WARN  o.apache.kafka.clients.NetworkClient - [Producer clientId=auth-service-producer-1] Bootstrap broker localhost:9092 (id: -1 rack: null) disconnected
2026-05-07 11:35:54 [kafka-producer-network-thread | auth-service-producer-1] INFO  o.apache.kafka.clients.NetworkClient - [Producer clientId=auth-service-producer-1] Node -1 disconnected.
2026-05-07 11:35:54 [kafka-producer-network-thread | auth-service-producer-1] WARN  o.apache.kafka.clients.NetworkClient - [Producer clientId=auth-service-producer-1] Connection to node -1 (localhost/127.0.0.1:9092) could not be established. Node may not be available.
2026-05-07 11:35:54 [kafka-producer-network-thread | auth-service-producer-1] WARN  o.apache.kafka.clients.NetworkClient - [Producer clientId=auth-service-producer-1] Bootstrap broker localhost:9092 (id: -1 rack: null) disconnected
2026-05-07 11:35:55 [kafka-producer-network-thread | auth-service-producer-1] INFO  o.apache.kafka.clients.NetworkClient - [Producer clientId=auth-service-producer-1] Node -1 disconnected.
2026-05-07 11:35:55 [kafka-producer-network-thread | auth-service-producer-1] WARN  o.apache.kafka.clients.NetworkClient - [Producer clientId=auth-service-producer-1] Connection to node -1 (localhost/127.0.0.1:9092) could not be established. Node may not be available.
2026-05-07 11:35:55 [kafka-producer-network-thread | auth-service-producer-1] WARN  o.apache.kafka.clients.NetworkClient - [Producer clientId=auth-service-producer-1] Bootstrap broker localhost:9092 (id: -1 rack: null) disconnected
2026-05-07 11:35:56 [kafka-producer-network-thread | auth-service-producer-1] INFO  o.apache.kafka.clients.NetworkClient - [Producer clientId=auth-service-producer-1] Node -1 disconnected.
2026-05-07 11:35:56 [kafka-producer-network-thread | auth-service-producer-1] WARN  o.apache.kafka.clients.NetworkClient - [Producer clientId=auth-service-producer-1] Connection to node -1 (localhost/127.0.0.1:9092) could not be established. Node may not be available.
2026-05-07 11:35:56 [kafka-producer-network-thread | auth-service-producer-1] WARN  o.apache.kafka.clients.NetworkClient - [Producer clientId=auth-service-producer-1] Bootstrap broker localhost:9092 (id: -1 rack: null) disconnected
2026-05-07 11:35:57 [kafka-producer-network-thread | auth-service-producer-1] INFO  o.apache.kafka.clients.NetworkClient - [Producer clientId=auth-service-producer-1] Node -1 disconnected.
2026-05-07 11:35:57 [kafka-producer-network-thread | auth-service-producer-1] WARN  o.apache.kafka.clients.NetworkClient - [Producer clientId=auth-service-producer-1] Connection to node -1 (localhost/127.0.0.1:9092) could not be established. Node may not be available.
2026-05-07 11:35:57 [kafka-producer-network-thread | auth-service-producer-1] WARN  o.apache.kafka.clients.NetworkClient - [Producer clientId=auth-service-producer-1] Bootstrap broker localhost:9092 (id: -1 rack: null) disconnected
2026-05-07 11:35:58 [kafka-producer-network-thread | auth-service-producer-1] INFO  o.apache.kafka.clients.NetworkClient - [Producer clientId=auth-service-producer-1] Node -1 disconnected.
2026-05-07 11:35:58 [kafka-producer-network-thread | auth-service-producer-1] WARN  o.apache.kafka.clients.NetworkClient - [Producer clientId=auth-service-producer-1] Connection to node -1 (localhost/127.0.0.1:9092) could not be established. Node may not be available.
2026-05-07 11:35:58 [kafka-producer-network-thread | auth-service-producer-1] WARN  o.apache.kafka.clients.NetworkClient - [Producer clientId=auth-service-producer-1] Bootstrap broker localhost:9092 (id: -1 rack: null) disconnected
2026-05-07 11:35:59 [kafka-producer-network-thread | auth-service-producer-1] INFO  o.apache.kafka.clients.NetworkClient - [Producer clientId=auth-service-producer-1] Node -1 disconnected.
2026-05-07 11:35:59 [kafka-producer-network-thread | auth-service-producer-1] WARN  o.apache.kafka.clients.NetworkClient - [Producer clientId=auth-service-producer-1] Connection to node -1 (localhost/127.0.0.1:9092) could not be established. Node may not be available.
2026-05-07 11:35:59 [kafka-producer-network-thread | auth-service-producer-1] WARN  o.apache.kafka.clients.NetworkClient - [Producer clientId=auth-service-producer-1] Bootstrap broker localhost:9092 (id: -1 rack: null) disconnected
2026-05-07 11:36:00 [kafka-producer-network-thread | auth-service-producer-1] INFO  o.apache.kafka.clients.NetworkClient - [Producer clientId=auth-service-producer-1] Node -1 disconnected.
2026-05-07 11:36:00 [kafka-producer-network-thread | auth-service-producer-1] WARN  o.apache.kafka.clients.NetworkClient - [Producer clientId=auth-service-producer-1] Connection to node -1 (localhost/127.0.0.1:9092) could not be established. Node may not be available.
2026-05-07 11:36:00 [kafka-producer-network-thread | auth-service-producer-1] WARN  o.apache.kafka.clients.NetworkClient - [Producer clientId=auth-service-producer-1] Bootstrap broker localhost:9092 (id: -1 rack: null) disconnected
2026-05-07 11:36:01 [kafka-producer-network-thread | auth-service-producer-1] INFO  o.apache.kafka.clients.NetworkClient - [Producer clientId=auth-service-producer-1] Node -1 disconnected.
2026-05-07 11:36:01 [kafka-producer-network-thread | auth-service-producer-1] WARN  o.apache.kafka.clients.NetworkClient - [Producer clientId=auth-service-producer-1] Connection to node -1 (localhost/127.0.0.1:9092) could not be established. Node may not be available.
2026-05-07 11:36:01 [kafka-producer-network-thread | auth-service-producer-1] WARN  o.apache.kafka.clients.NetworkClient - [Producer clientId=auth-service-producer-1] Bootstrap broker localhost:9092 (id: -1 rack: null) disconnected
2026-05-07 11:36:02 [kafka-producer-network-thread | auth-service-producer-1] INFO  o.apache.kafka.clients.NetworkClient - [Producer clientId=auth-service-producer-1] Node -1 disconnected.
2026-05-07 11:36:02 [kafka-producer-network-thread | auth-service-producer-1] WARN  o.apache.kafka.clients.NetworkClient - [Producer clientId=auth-service-producer-1] Connection to node -1 (localhost/127.0.0.1:9092) could not be established. Node may not be available.
2026-05-07 11:36:02 [kafka-producer-network-thread | auth-service-producer-1] WARN  o.apache.kafka.clients.NetworkClient - [Producer clientId=auth-service-producer-1] Bootstrap broker localhost:9092 (id: -1 rack: null) disconnected
2026-05-07 11:36:03 [kafka-producer-network-thread | auth-service-producer-1] INFO  o.apache.kafka.clients.NetworkClient - [Producer clientId=auth-service-producer-1] Node -1 disconnected.
2026-05-07 11:36:03 [kafka-producer-network-thread | auth-service-producer-1] WARN  o.apache.kafka.clients.NetworkClient - [Producer clientId=auth-service-producer-1] Connection to node -1 (localhost/127.0.0.1:9092) could not be established. Node may not be available.
2026-05-07 11:36:03 [kafka-producer-network-thread | auth-service-producer-1] WARN  o.apache.kafka.clients.NetworkClient - [Producer clientId=auth-service-producer-1] Bootstrap broker localhost:9092 (id: -1 rack: null) disconnected
2026-05-07 11:36:04 [kafka-producer-network-thread | auth-service-producer-1] INFO  o.apache.kafka.clients.NetworkClient - [Producer clientId=auth-service-producer-1] Node -1 disconnected.
2026-05-07 11:36:04 [kafka-producer-network-thread | auth-service-producer-1] WARN  o.apache.kafka.clients.NetworkClient - [Producer clientId=auth-service-producer-1] Connection to node -1 (localhost/127.0.0.1:9092) could not be established. Node may not be available.
2026-05-07 11:36:04 [kafka-producer-network-thread | auth-service-producer-1] WARN  o.apache.kafka.clients.NetworkClient - [Producer clientId=auth-service-producer-1] Bootstrap broker localhost:9092 (id: -1 rack: null) disconnected
2026-05-07 11:36:05 [kafka-producer-network-thread | auth-service-producer-1] INFO  o.apache.kafka.clients.NetworkClient - [Producer clientId=auth-service-producer-1] Node -1 disconnected.
2026-05-07 11:36:05 [kafka-producer-network-thread | auth-service-producer-1] WARN  o.apache.kafka.clients.NetworkClient - [Producer clientId=auth-service-producer-1] Connection to node -1 (localhost/127.0.0.1:9092) could not be established. Node may not be available.
2026-05-07 11:36:05 [kafka-producer-network-thread | auth-service-producer-1] WARN  o.apache.kafka.clients.NetworkClient - [Producer clientId=auth-service-producer-1] Bootstrap broker localhost:9092 (id: -1 rack: null) disconnected
2026-05-07 11:36:06 [kafka-producer-network-thread | auth-service-producer-1] INFO  o.apache.kafka.clients.NetworkClient - [Producer clientId=auth-service-producer-1] Node -1 disconnected.
2026-05-07 11:36:06 [kafka-producer-network-thread | auth-service-producer-1] WARN  o.apache.kafka.clients.NetworkClient - [Producer clientId=auth-service-producer-1] Connection to node -1 (localhost/127.0.0.1:9092) could not be established. Node may not be available.
2026-05-07 11:36:06 [kafka-producer-network-thread | auth-service-producer-1] WARN  o.apache.kafka.clients.NetworkClient - [Producer clientId=auth-service-producer-1] Bootstrap broker localhost:9092 (id: -1 rack: null) disconnected
2026-05-07 11:36:06 [kafka-producer-network-thread | auth-service-producer-1] INFO  o.apache.kafka.clients.NetworkClient - [Producer clientId=auth-service-producer-1] Node -1 disconnected.
2026-05-07 11:36:06 [kafka-producer-network-thread | auth-service-producer-1] WARN  o.apache.kafka.clients.NetworkClient - [Producer clientId=auth-service-producer-1] Connection to node -1 (localhost/127.0.0.1:9092) could not be established. Node may not be available.
2026-05-07 11:36:06 [kafka-producer-network-thread | auth-service-producer-1] WARN  o.apache.kafka.clients.NetworkClient - [Producer clientId=auth-service-producer-1] Bootstrap broker localhost:9092 (id: -1 rack: null) disconnected
2026-05-07 11:36:07 [kafka-producer-network-thread | auth-service-producer-1] INFO  o.apache.kafka.clients.NetworkClient - [Producer clientId=auth-service-producer-1] Node -1 disconnected.
2026-05-07 11:36:07 [kafka-producer-network-thread | auth-service-producer-1] WARN  o.apache.kafka.clients.NetworkClient - [Producer clientId=auth-service-producer-1] Connection to node -1 (localhost/127.0.0.1:9092) could not be established. Node may not be available.
2026-05-07 11:36:07 [kafka-producer-network-thread | auth-service-producer-1] WARN  o.apache.kafka.clients.NetworkClient - [Producer clientId=auth-service-producer-1] Bootstrap broker localhost:9092 (id: -1 rack: null) disconnected
2026-05-07 11:36:08 [kafka-producer-network-thread | auth-service-producer-1] INFO  o.apache.kafka.clients.NetworkClient - [Producer clientId=auth-service-producer-1] Node -1 disconnected.
2026-05-07 11:36:08 [kafka-producer-network-thread | auth-service-producer-1] WARN  o.apache.kafka.clients.NetworkClient - [Producer clientId=auth-service-producer-1] Connection to node -1 (localhost/127.0.0.1:9092) could not be established. Node may not be available.
2026-05-07 11:36:08 [kafka-producer-network-thread | auth-service-producer-1] WARN  o.apache.kafka.clients.NetworkClient - [Producer clientId=auth-service-producer-1] Bootstrap broker localhost:9092 (id: -1 rack: null) disconnected
2026-05-07 11:36:09 [kafka-producer-network-thread | auth-service-producer-1] INFO  o.apache.kafka.clients.NetworkClient - [Producer clientId=auth-service-producer-1] Node -1 disconnected.
2026-05-07 11:36:09 [kafka-producer-network-thread | auth-service-producer-1] WARN  o.apache.kafka.clients.NetworkClient - [Producer clientId=auth-service-producer-1] Connection to node -1 (localhost/127.0.0.1:9092) could not be established. Node may not be available.
2026-05-07 11:36:09 [kafka-producer-network-thread | auth-service-producer-1] WARN  o.apache.kafka.clients.NetworkClient - [Producer clientId=auth-service-producer-1] Bootstrap broker localhost:9092 (id: -1 rack: null) disconnected
2026-05-07 11:36:10 [kafka-producer-network-thread | auth-service-producer-1] INFO  o.apache.kafka.clients.NetworkClient - [Producer clientId=auth-service-producer-1] Node -1 disconnected.
2026-05-07 11:36:10 [kafka-producer-network-thread | auth-service-producer-1] WARN  o.apache.kafka.clients.NetworkClient - [Producer clientId=auth-service-producer-1] Connection to node -1 (localhost/127.0.0.1:9092) could not be established. Node may not be available.
2026-05-07 11:36:10 [kafka-producer-network-thread | auth-service-producer-1] WARN  o.apache.kafka.clients.NetworkClient - [Producer clientId=auth-service-producer-1] Bootstrap broker localhost:9092 (id: -1 rack: null) disconnected
2026-05-07 11:36:11 [kafka-producer-network-thread | auth-service-producer-1] INFO  o.apache.kafka.clients.NetworkClient - [Producer clientId=auth-service-producer-1] Node -1 disconnected.
2026-05-07 11:36:11 [kafka-producer-network-thread | auth-service-producer-1] WARN  o.apache.kafka.clients.NetworkClient - [Producer clientId=auth-service-producer-1] Connection to node -1 (localhost/127.0.0.1:9092) could not be established. Node may not be available.
2026-05-07 11:36:11 [kafka-producer-network-thread | auth-service-producer-1] WARN  o.apache.kafka.clients.NetworkClient - [Producer clientId=auth-service-producer-1] Bootstrap broker localhost:9092 (id: -1 rack: null) disconnected
2026-05-07 11:36:12 [kafka-producer-network-thread | auth-service-producer-1] INFO  o.apache.kafka.clients.NetworkClient - [Producer clientId=auth-service-producer-1] Node -1 disconnected.
2026-05-07 11:36:12 [kafka-producer-network-thread | auth-service-producer-1] WARN  o.apache.kafka.clients.NetworkClient - [Producer clientId=auth-service-producer-1] Connection to node -1 (localhost/127.0.0.1:9092) could not be established. Node may not be available.
2026-05-07 11:36:12 [kafka-producer-network-thread | auth-service-producer-1] WARN  o.apache.kafka.clients.NetworkClient - [Producer clientId=auth-service-producer-1] Bootstrap broker localhost:9092 (id: -1 rack: null) disconnected
2026-05-07 11:36:13 [kafka-producer-network-thread | auth-service-producer-1] INFO  o.apache.kafka.clients.NetworkClient - [Producer clientId=auth-service-producer-1] Node -1 disconnected.
2026-05-07 11:36:13 [kafka-producer-network-thread | auth-service-producer-1] WARN  o.apache.kafka.clients.NetworkClient - [Producer clientId=auth-service-producer-1] Connection to node -1 (localhost/127.0.0.1:9092) could not be established. Node may not be available.
2026-05-07 11:36:13 [kafka-producer-network-thread | auth-service-producer-1] WARN  o.apache.kafka.clients.NetworkClient - [Producer clientId=auth-service-producer-1] Bootstrap broker localhost:9092 (id: -1 rack: null) disconnected
2026-05-07 11:36:14 [kafka-producer-network-thread | auth-service-producer-1] INFO  o.apache.kafka.clients.NetworkClient - [Producer clientId=auth-service-producer-1] Node -1 disconnected.
2026-05-07 11:36:14 [kafka-producer-network-thread | auth-service-producer-1] WARN  o.apache.kafka.clients.NetworkClient - [Producer clientId=auth-service-producer-1] Connection to node -1 (localhost/127.0.0.1:9092) could not be established. Node may not be available.
2026-05-07 11:36:14 [kafka-producer-network-thread | auth-service-producer-1] WARN  o.apache.kafka.clients.NetworkClient - [Producer clientId=auth-service-producer-1] Bootstrap broker localhost:9092 (id: -1 rack: null) disconnected
2026-05-07 11:36:15 [kafka-producer-network-thread | auth-service-producer-1] INFO  o.apache.kafka.clients.NetworkClient - [Producer clientId=auth-service-producer-1] Node -1 disconnected.
2026-05-07 11:36:15 [kafka-producer-network-thread | auth-service-producer-1] WARN  o.apache.kafka.clients.NetworkClient - [Producer clientId=auth-service-producer-1] Connection to node -1 (localhost/127.0.0.1:9092) could not be established. Node may not be available.
2026-05-07 11:36:15 [kafka-producer-network-thread | auth-service-producer-1] WARN  o.apache.kafka.clients.NetworkClient - [Producer clientId=auth-service-producer-1] Bootstrap broker localhost:9092 (id: -1 rack: null) disconnected
2026-05-07 11:36:16 [kafka-producer-network-thread | auth-service-producer-1] INFO  o.apache.kafka.clients.NetworkClient - [Producer clientId=auth-service-producer-1] Node -1 disconnected.
2026-05-07 11:36:16 [kafka-producer-network-thread | auth-service-producer-1] WARN  o.apache.kafka.clients.NetworkClient - [Producer clientId=auth-service-producer-1] Connection to node -1 (localhost/127.0.0.1:9092) could not be established. Node may not be available.
2026-05-07 11:36:16 [kafka-producer-network-thread | auth-service-producer-1] WARN  o.apache.kafka.clients.NetworkClient - [Producer clientId=auth-service-producer-1] Bootstrap broker localhost:9092 (id: -1 rack: null) disconnected
2026-05-07 11:36:17 [kafka-producer-network-thread | auth-service-producer-1] INFO  o.apache.kafka.clients.NetworkClient - [Producer clientId=auth-service-producer-1] Node -1 disconnected.
2026-05-07 11:36:17 [kafka-producer-network-thread | auth-service-producer-1] WARN  o.apache.kafka.clients.NetworkClient - [Producer clientId=auth-service-producer-1] Connection to node -1 (localhost/127.0.0.1:9092) could not be established. Node may not be available.
2026-05-07 11:36:17 [kafka-producer-network-thread | auth-service-producer-1] WARN  o.apache.kafka.clients.NetworkClient - [Producer clientId=auth-service-producer-1] Bootstrap broker localhost:9092 (id: -1 rack: null) disconnected
2026-05-07 11:36:18 [kafka-producer-network-thread | auth-service-producer-1] INFO  o.apache.kafka.clients.NetworkClient - [Producer clientId=auth-service-producer-1] Node -1 disconnected.
2026-05-07 11:36:18 [kafka-producer-network-thread | auth-service-producer-1] WARN  o.apache.kafka.clients.NetworkClient - [Producer clientId=auth-service-producer-1] Connection to node -1 (localhost/127.0.0.1:9092) could not be established. Node may not be available.
2026-05-07 11:36:18 [kafka-producer-network-thread | auth-service-producer-1] WARN  o.apache.kafka.clients.NetworkClient - [Producer clientId=auth-service-producer-1] Bootstrap broker localhost:9092 (id: -1 rack: null) disconnected
2026-05-07 11:36:19 [kafka-producer-network-thread | auth-service-producer-1] INFO  o.apache.kafka.clients.NetworkClient - [Producer clientId=auth-service-producer-1] Node -1 disconnected.
2026-05-07 11:36:19 [kafka-producer-network-thread | auth-service-producer-1] WARN  o.apache.kafka.clients.NetworkClient - [Producer clientId=auth-service-producer-1] Connection to node -1 (localhost/127.0.0.1:9092) could not be established. Node may not be available.
2026-05-07 11:36:19 [kafka-producer-network-thread | auth-service-producer-1] WARN  o.apache.kafka.clients.NetworkClient - [Producer clientId=auth-service-producer-1] Bootstrap broker localhost:9092 (id: -1 rack: null) disconnected
2026-05-07 11:36:20 [kafka-producer-network-thread | auth-service-producer-1] INFO  o.apache.kafka.clients.NetworkClient - [Producer clientId=auth-service-producer-1] Node -1 disconnected.
2026-05-07 11:36:20 [kafka-producer-network-thread | auth-service-producer-1] WARN  o.apache.kafka.clients.NetworkClient - [Producer clientId=auth-service-producer-1] Connection to node -1 (localhost/127.0.0.1:9092) could not be established. Node may not be available.
2026-05-07 11:36:20 [kafka-producer-network-thread | auth-service-producer-1] WARN  o.apache.kafka.clients.NetworkClient - [Producer clientId=auth-service-producer-1] Bootstrap broker localhost:9092 (id: -1 rack: null) disconnected
2026-05-07 11:36:21 [kafka-producer-network-thread | auth-service-producer-1] INFO  o.apache.kafka.clients.NetworkClient - [Producer clientId=auth-service-producer-1] Node -1 disconnected.
2026-05-07 11:36:21 [kafka-producer-network-thread | auth-service-producer-1] WARN  o.apache.kafka.clients.NetworkClient - [Producer clientId=auth-service-producer-1] Connection to node -1 (localhost/127.0.0.1:9092) could not be established. Node may not be available.
2026-05-07 11:36:21 [kafka-producer-network-thread | auth-service-producer-1] WARN  o.apache.kafka.clients.NetworkClient - [Producer clientId=auth-service-producer-1] Bootstrap broker localhost:9092 (id: -1 rack: null) disconnected
2026-05-07 11:36:22 [kafka-producer-network-thread | auth-service-producer-1] INFO  o.apache.kafka.clients.NetworkClient - [Producer clientId=auth-service-producer-1] Node -1 disconnected.
2026-05-07 11:36:22 [kafka-producer-network-thread | auth-service-producer-1] WARN  o.apache.kafka.clients.NetworkClient - [Producer clientId=auth-service-producer-1] Connection to node -1 (localhost/127.0.0.1:9092) could not be established. Node may not be available.
2026-05-07 11:36:22 [kafka-producer-network-thread | auth-service-producer-1] WARN  o.apache.kafka.clients.NetworkClient - [Producer clientId=auth-service-producer-1] Bootstrap broker localhost:9092 (id: -1 rack: null) disconnected
2026-05-07 11:36:23 [kafka-producer-network-thread | auth-service-producer-1] INFO  o.apache.kafka.clients.NetworkClient - [Producer clientId=auth-service-producer-1] Node -1 disconnected.
2026-05-07 11:36:23 [kafka-producer-network-thread | auth-service-producer-1] WARN  o.apache.kafka.clients.NetworkClient - [Producer clientId=auth-service-producer-1] Connection to node -1 (localhost/127.0.0.1:9092) could not be established. Node may not be available.
2026-05-07 11:36:23 [kafka-producer-network-thread | auth-service-producer-1] WARN  o.apache.kafka.clients.NetworkClient - [Producer clientId=auth-service-producer-1] Bootstrap broker localhost:9092 (id: -1 rack: null) disconnected
2026-05-07 11:36:24 [kafka-producer-network-thread | auth-service-producer-1] INFO  o.apache.kafka.clients.NetworkClient - [Producer clientId=auth-service-producer-1] Node -1 disconnected.
2026-05-07 11:36:24 [kafka-producer-network-thread | auth-service-producer-1] WARN  o.apache.kafka.clients.NetworkClient - [Producer clientId=auth-service-producer-1] Connection to node -1 (localhost/127.0.0.1:9092) could not be established. Node may not be available.
2026-05-07 11:36:24 [kafka-producer-network-thread | auth-service-producer-1] WARN  o.apache.kafka.clients.NetworkClient - [Producer clientId=auth-service-producer-1] Bootstrap broker localhost:9092 (id: -1 rack: null) disconnected
2026-05-07 11:36:25 [kafka-producer-network-thread | auth-service-producer-1] INFO  o.apache.kafka.clients.NetworkClient - [Producer clientId=auth-service-producer-1] Node -1 disconnected.
2026-05-07 11:36:25 [kafka-producer-network-thread | auth-service-producer-1] WARN  o.apache.kafka.clients.NetworkClient - [Producer clientId=auth-service-producer-1] Connection to node -1 (localhost/127.0.0.1:9092) could not be established. Node may not be available.
2026-05-07 11:36:25 [kafka-producer-network-thread | auth-service-producer-1] WARN  o.apache.kafka.clients.NetworkClient - [Producer clientId=auth-service-producer-1] Bootstrap broker localhost:9092 (id: -1 rack: null) disconnected
2026-05-07 11:36:26 [kafka-producer-network-thread | auth-service-producer-1] INFO  o.apache.kafka.clients.NetworkClient - [Producer clientId=auth-service-producer-1] Node -1 disconnected.
2026-05-07 11:36:26 [kafka-producer-network-thread | auth-service-producer-1] WARN  o.apache.kafka.clients.NetworkClient - [Producer clientId=auth-service-producer-1] Connection to node -1 (localhost/127.0.0.1:9092) could not be established. Node may not be available.
2026-05-07 11:36:26 [kafka-producer-network-thread | auth-service-producer-1] WARN  o.apache.kafka.clients.NetworkClient - [Producer clientId=auth-service-producer-1] Bootstrap broker localhost:9092 (id: -1 rack: null) disconnected
2026-05-07 11:36:27 [kafka-producer-network-thread | auth-service-producer-1] INFO  o.apache.kafka.clients.NetworkClient - [Producer clientId=auth-service-producer-1] Node -1 disconnected.
2026-05-07 11:36:27 [kafka-producer-network-thread | auth-service-producer-1] WARN  o.apache.kafka.clients.NetworkClient - [Producer clientId=auth-service-producer-1] Connection to node -1 (localhost/127.0.0.1:9092) could not be established. Node may not be available.
2026-05-07 11:36:27 [kafka-producer-network-thread | auth-service-producer-1] WARN  o.apache.kafka.clients.NetworkClient - [Producer clientId=auth-service-producer-1] Bootstrap broker localhost:9092 (id: -1 rack: null) disconnected
2026-05-07 11:36:28 [kafka-producer-network-thread | auth-service-producer-1] INFO  o.apache.kafka.clients.NetworkClient - [Producer clientId=auth-service-producer-1] Node -1 disconnected.
2026-05-07 11:36:28 [kafka-producer-network-thread | auth-service-producer-1] WARN  o.apache.kafka.clients.NetworkClient - [Producer clientId=auth-service-producer-1] Connection to node -1 (localhost/127.0.0.1:9092) could not be established. Node may not be available.
2026-05-07 11:36:28 [kafka-producer-network-thread | auth-service-producer-1] WARN  o.apache.kafka.clients.NetworkClient - [Producer clientId=auth-service-producer-1] Bootstrap broker localhost:9092 (id: -1 rack: null) disconnected
2026-05-07 11:36:29 [kafka-producer-network-thread | auth-service-producer-1] INFO  o.apache.kafka.clients.NetworkClient - [Producer clientId=auth-service-producer-1] Node -1 disconnected.
2026-05-07 11:36:29 [kafka-producer-network-thread | auth-service-producer-1] WARN  o.apache.kafka.clients.NetworkClient - [Producer clientId=auth-service-producer-1] Connection to node -1 (localhost/127.0.0.1:9092) could not be established. Node may not be available.
2026-05-07 11:36:29 [kafka-producer-network-thread | auth-service-producer-1] WARN  o.apache.kafka.clients.NetworkClient - [Producer clientId=auth-service-producer-1] Bootstrap broker localhost:9092 (id: -1 rack: null) disconnected
2026-05-07 11:36:30 [kafka-producer-network-thread | auth-service-producer-1] INFO  o.apache.kafka.clients.NetworkClient - [Producer clientId=auth-service-producer-1] Node -1 disconnected.
2026-05-07 11:36:30 [kafka-producer-network-thread | auth-service-producer-1] WARN  o.apache.kafka.clients.NetworkClient - [Producer clientId=auth-service-producer-1] Connection to node -1 (localhost/127.0.0.1:9092) could not be established. Node may not be available.
2026-05-07 11:36:30 [kafka-producer-network-thread | auth-service-producer-1] WARN  o.apache.kafka.clients.NetworkClient - [Producer clientId=auth-service-producer-1] Bootstrap broker localhost:9092 (id: -1 rack: null) disconnected
2026-05-07 11:36:31 [kafka-producer-network-thread | auth-service-producer-1] INFO  o.apache.kafka.clients.NetworkClient - [Producer clientId=auth-service-producer-1] Node -1 disconnected.
2026-05-07 11:36:31 [kafka-producer-network-thread | auth-service-producer-1] WARN  o.apache.kafka.clients.NetworkClient - [Producer clientId=auth-service-producer-1] Connection to node -1 (localhost/127.0.0.1:9092) could not be established. Node may not be available.
2026-05-07 11:36:31 [kafka-producer-network-thread | auth-service-producer-1] WARN  o.apache.kafka.clients.NetworkClient - [Producer clientId=auth-service-producer-1] Bootstrap broker localhost:9092 (id: -1 rack: null) disconnected
2026-05-07 11:36:32 [kafka-producer-network-thread | auth-service-producer-1] INFO  o.apache.kafka.clients.NetworkClient - [Producer clientId=auth-service-producer-1] Node -1 disconnected.
2026-05-07 11:36:32 [kafka-producer-network-thread | auth-service-producer-1] WARN  o.apache.kafka.clients.NetworkClient - [Producer clientId=auth-service-producer-1] Connection to node -1 (localhost/127.0.0.1:9092) could not be established. Node may not be available.
2026-05-07 11:36:32 [kafka-producer-network-thread | auth-service-producer-1] WARN  o.apache.kafka.clients.NetworkClient - [Producer clientId=auth-service-producer-1] Bootstrap broker localhost:9092 (id: -1 rack: null) disconnected
2026-05-07 11:36:32 [kafka-producer-network-thread | auth-service-producer-1] INFO  o.apache.kafka.clients.NetworkClient - [Producer clientId=auth-service-producer-1] Node -1 disconnected.
2026-05-07 11:36:32 [kafka-producer-network-thread | auth-service-producer-1] WARN  o.apache.kafka.clients.NetworkClient - [Producer clientId=auth-service-producer-1] Connection to node -1 (localhost/127.0.0.1:9092) could not be established. Node may not be available.
2026-05-07 11:36:32 [kafka-producer-network-thread | auth-service-producer-1] WARN  o.apache.kafka.clients.NetworkClient - [Producer clientId=auth-service-producer-1] Bootstrap broker localhost:9092 (id: -1 rack: null) disconnected
2026-05-07 11:36:33 [kafka-producer-network-thread | auth-service-producer-1] INFO  o.apache.kafka.clients.NetworkClient - [Producer clientId=auth-service-producer-1] Node -1 disconnected.
2026-05-07 11:36:33 [kafka-producer-network-thread | auth-service-producer-1] WARN  o.apache.kafka.clients.NetworkClient - [Producer clientId=auth-service-producer-1] Connection to node -1 (localhost/127.0.0.1:9092) could not be established. Node may not be available.
2026-05-07 11:36:33 [kafka-producer-network-thread | auth-service-producer-1] WARN  o.apache.kafka.clients.NetworkClient - [Producer clientId=auth-service-producer-1] Bootstrap broker localhost:9092 (id: -1 rack: null) disconnected
2026-05-07 11:36:34 [kafka-producer-network-thread | auth-service-producer-1] INFO  o.apache.kafka.clients.NetworkClient - [Producer clientId=auth-service-producer-1] Node -1 disconnected.
2026-05-07 11:36:34 [kafka-producer-network-thread | auth-service-producer-1] WARN  o.apache.kafka.clients.NetworkClient - [Producer clientId=auth-service-producer-1] Connection to node -1 (localhost/127.0.0.1:9092) could not be established. Node may not be available.
2026-05-07 11:36:34 [kafka-producer-network-thread | auth-service-producer-1] WARN  o.apache.kafka.clients.NetworkClient - [Producer clientId=auth-service-producer-1] Bootstrap broker localhost:9092 (id: -1 rack: null) disconnected
2026-05-07 11:36:35 [kafka-producer-network-thread | auth-service-producer-1] INFO  o.apache.kafka.clients.NetworkClient - [Producer clientId=auth-service-producer-1] Node -1 disconnected.
2026-05-07 11:36:35 [kafka-producer-network-thread | auth-service-producer-1] WARN  o.apache.kafka.clients.NetworkClient - [Producer clientId=auth-service-producer-1] Connection to node -1 (localhost/127.0.0.1:9092) could not be established. Node may not be available.
2026-05-07 11:36:35 [kafka-producer-network-thread | auth-service-producer-1] WARN  o.apache.kafka.clients.NetworkClient - [Producer clientId=auth-service-producer-1] Bootstrap broker localhost:9092 (id: -1 rack: null) disconnected
2026-05-07 11:36:36 [kafka-producer-network-thread | auth-service-producer-1] INFO  o.apache.kafka.clients.NetworkClient - [Producer clientId=auth-service-producer-1] Node -1 disconnected.
2026-05-07 11:36:36 [kafka-producer-network-thread | auth-service-producer-1] WARN  o.apache.kafka.clients.NetworkClient - [Producer clientId=auth-service-producer-1] Connection to node -1 (localhost/127.0.0.1:9092) could not be established. Node may not be available.
2026-05-07 11:36:36 [kafka-producer-network-thread | auth-service-producer-1] WARN  o.apache.kafka.clients.NetworkClient - [Producer clientId=auth-service-producer-1] Bootstrap broker localhost:9092 (id: -1 rack: null) disconnected
2026-05-07 11:36:37 [kafka-producer-network-thread | auth-service-producer-1] INFO  o.apache.kafka.clients.NetworkClient - [Producer clientId=auth-service-producer-1] Node -1 disconnected.
2026-05-07 11:36:37 [kafka-producer-network-thread | auth-service-producer-1] WARN  o.apache.kafka.clients.NetworkClient - [Producer clientId=auth-service-producer-1] Connection to node -1 (localhost/127.0.0.1:9092) could not be established. Node may not be available.
2026-05-07 11:36:37 [kafka-producer-network-thread | auth-service-producer-1] WARN  o.apache.kafka.clients.NetworkClient - [Producer clientId=auth-service-producer-1] Bootstrap broker localhost:9092 (id: -1 rack: null) disconnected
2026-05-07 11:36:38 [kafka-producer-network-thread | auth-service-producer-1] INFO  o.apache.kafka.clients.NetworkClient - [Producer clientId=auth-service-producer-1] Node -1 disconnected.
2026-05-07 11:36:38 [kafka-producer-network-thread | auth-service-producer-1] WARN  o.apache.kafka.clients.NetworkClient - [Producer clientId=auth-service-producer-1] Connection to node -1 (localhost/127.0.0.1:9092) could not be established. Node may not be available.
2026-05-07 11:36:38 [kafka-producer-network-thread | auth-service-producer-1] WARN  o.apache.kafka.clients.NetworkClient - [Producer clientId=auth-service-producer-1] Bootstrap broker localhost:9092 (id: -1 rack: null) disconnected
2026-05-07 11:36:39 [kafka-producer-network-thread | auth-service-producer-1] INFO  o.apache.kafka.clients.NetworkClient - [Producer clientId=auth-service-producer-1] Node -1 disconnected.
2026-05-07 11:36:39 [kafka-producer-network-thread | auth-service-producer-1] WARN  o.apache.kafka.clients.NetworkClient - [Producer clientId=auth-service-producer-1] Connection to node -1 (localhost/127.0.0.1:9092) could not be established. Node may not be available.
2026-05-07 11:36:39 [kafka-producer-network-thread | auth-service-producer-1] WARN  o.apache.kafka.clients.NetworkClient - [Producer clientId=auth-service-producer-1] Bootstrap broker localhost:9092 (id: -1 rack: null) disconnected
2026-05-07 11:36:40 [kafka-producer-network-thread | auth-service-producer-1] INFO  o.apache.kafka.clients.NetworkClient - [Producer clientId=auth-service-producer-1] Node -1 disconnected.
2026-05-07 11:36:40 [kafka-producer-network-thread | auth-service-producer-1] WARN  o.apache.kafka.clients.NetworkClient - [Producer clientId=auth-service-producer-1] Connection to node -1 (localhost/127.0.0.1:9092) could not be established. Node may not be available.
2026-05-07 11:36:40 [kafka-producer-network-thread | auth-service-producer-1] WARN  o.apache.kafka.clients.NetworkClient - [Producer clientId=auth-service-producer-1] Bootstrap broker localhost:9092 (id: -1 rack: null) disconnected
2026-05-07 11:36:41 [kafka-producer-network-thread | auth-service-producer-1] INFO  o.apache.kafka.clients.NetworkClient - [Producer clientId=auth-service-producer-1] Node -1 disconnected.
2026-05-07 11:36:41 [kafka-producer-network-thread | auth-service-producer-1] WARN  o.apache.kafka.clients.NetworkClient - [Producer clientId=auth-service-producer-1] Connection to node -1 (localhost/127.0.0.1:9092) could not be established. Node may not be available.
2026-05-07 11:36:41 [kafka-producer-network-thread | auth-service-producer-1] WARN  o.apache.kafka.clients.NetworkClient - [Producer clientId=auth-service-producer-1] Bootstrap broker localhost:9092 (id: -1 rack: null) disconnected
2026-05-07 11:36:42 [kafka-producer-network-thread | auth-service-producer-1] INFO  o.apache.kafka.clients.NetworkClient - [Producer clientId=auth-service-producer-1] Node -1 disconnected.
2026-05-07 11:36:42 [kafka-producer-network-thread | auth-service-producer-1] WARN  o.apache.kafka.clients.NetworkClient - [Producer clientId=auth-service-producer-1] Connection to node -1 (localhost/127.0.0.1:9092) could not be established. Node may not be available.
2026-05-07 11:36:42 [kafka-producer-network-thread | auth-service-producer-1] WARN  o.apache.kafka.clients.NetworkClient - [Producer clientId=auth-service-producer-1] Bootstrap broker localhost:9092 (id: -1 rack: null) disconnected
2026-05-07 11:36:43 [kafka-producer-network-thread | auth-service-producer-1] INFO  o.apache.kafka.clients.NetworkClient - [Producer clientId=auth-service-producer-1] Node -1 disconnected.
2026-05-07 11:36:43 [kafka-producer-network-thread | auth-service-producer-1] WARN  o.apache.kafka.clients.NetworkClient - [Producer clientId=auth-service-producer-1] Connection to node -1 (localhost/127.0.0.1:9092) could not be established. Node may not be available.
2026-05-07 11:36:43 [kafka-producer-network-thread | auth-service-producer-1] WARN  o.apache.kafka.clients.NetworkClient - [Producer clientId=auth-service-producer-1] Bootstrap broker localhost:9092 (id: -1 rack: null) disconnected
2026-05-07 11:36:44 [kafka-producer-network-thread | auth-service-producer-1] INFO  o.apache.kafka.clients.NetworkClient - [Producer clientId=auth-service-producer-1] Node -1 disconnected.
2026-05-07 11:36:44 [kafka-producer-network-thread | auth-service-producer-1] WARN  o.apache.kafka.clients.NetworkClient - [Producer clientId=auth-service-producer-1] Connection to node -1 (localhost/127.0.0.1:9092) could not be established. Node may not be available.
2026-05-07 11:36:44 [kafka-producer-network-thread | auth-service-producer-1] WARN  o.apache.kafka.clients.NetworkClient - [Producer clientId=auth-service-producer-1] Bootstrap broker localhost:9092 (id: -1 rack: null) disconnected
2026-05-07 11:36:45 [kafka-producer-network-thread | auth-service-producer-1] INFO  o.apache.kafka.clients.NetworkClient - [Producer clientId=auth-service-producer-1] Node -1 disconnected.
2026-05-07 11:36:45 [kafka-producer-network-thread | auth-service-producer-1] WARN  o.apache.kafka.clients.NetworkClient - [Producer clientId=auth-service-producer-1] Connection to node -1 (localhost/127.0.0.1:9092) could not be established. Node may not be available.
2026-05-07 11:36:45 [kafka-producer-network-thread | auth-service-producer-1] WARN  o.apache.kafka.clients.NetworkClient - [Producer clientId=auth-service-producer-1] Bootstrap broker localhost:9092 (id: -1 rack: null) disconnected
2026-05-07 11:36:46 [kafka-producer-network-thread | auth-service-producer-1] INFO  o.apache.kafka.clients.NetworkClient - [Producer clientId=auth-service-producer-1] Node -1 disconnected.
2026-05-07 11:36:46 [kafka-producer-network-thread | auth-service-producer-1] WARN  o.apache.kafka.clients.NetworkClient - [Producer clientId=auth-service-producer-1] Connection to node -1 (localhost/127.0.0.1:9092) could not be established. Node may not be available.
2026-05-07 11:36:46 [kafka-producer-network-thread | auth-service-producer-1] WARN  o.apache.kafka.clients.NetworkClient - [Producer clientId=auth-service-producer-1] Bootstrap broker localhost:9092 (id: -1 rack: null) disconnected
2026-05-07 11:36:46 [http-nio-8081-exec-8] ERROR o.s.k.s.LoggingProducerListener - Exception thrown when sending a message with key='e2euser_29243' and payload='UserRegisteredEvent(username=e2euser_29243, password=$2a$10$nXvRA6Vb2W3pw2pheBc3J.OxiTgOLCadGQHuHCOg...' to topic user-registered-topic:
org.apache.kafka.common.errors.TimeoutException: Topic user-registered-topic not present in metadata after 60000 ms.
2026-05-07 11:36:47 [kafka-producer-network-thread | auth-service-producer-1] INFO  o.apache.kafka.clients.NetworkClient - [Producer clientId=auth-service-producer-1] Node -1 disconnected.
2026-05-07 11:36:47 [kafka-producer-network-thread | auth-service-producer-1] WARN  o.apache.kafka.clients.NetworkClient - [Producer clientId=auth-service-producer-1] Connection to node -1 (localhost/127.0.0.1:9092) could not be established. Node may not be available.
2026-05-07 11:36:47 [kafka-producer-network-thread | auth-service-producer-1] WARN  o.apache.kafka.clients.NetworkClient - [Producer clientId=auth-service-producer-1] Bootstrap broker localhost:9092 (id: -1 rack: null) disconnected
2026-05-07 11:36:48 [kafka-producer-network-thread | auth-service-producer-1] INFO  o.apache.kafka.clients.NetworkClient - [Producer clientId=auth-service-producer-1] Node -1 disconnected.
2026-05-07 11:36:48 [kafka-producer-network-thread | auth-service-producer-1] WARN  o.apache.kafka.clients.NetworkClient - [Producer clientId=auth-service-producer-1] Connection to node -1 (localhost/127.0.0.1:9092) could not be established. Node may not be available.
2026-05-07 11:36:48 [kafka-producer-network-thread | auth-service-producer-1] WARN  o.apache.kafka.clients.NetworkClient - [Producer clientId=auth-service-producer-1] Bootstrap broker localhost:9092 (id: -1 rack: null) disconnected
2026-05-07 11:36:49 [kafka-producer-network-thread | auth-service-producer-1] INFO  o.apache.kafka.clients.NetworkClient - [Producer clientId=auth-service-producer-1] Node -1 disconnected.
2026-05-07 11:36:49 [kafka-producer-network-thread | auth-service-producer-1] WARN  o.apache.kafka.clients.NetworkClient - [Producer clientId=auth-service-producer-1] Connection to node -1 (localhost/127.0.0.1:9092) could not be established. Node may not be available.
2026-05-07 11:36:49 [kafka-producer-network-thread | auth-service-producer-1] WARN  o.apache.kafka.clients.NetworkClient - [Producer clientId=auth-service-producer-1] Bootstrap broker localhost:9092 (id: -1 rack: null) disconnected
2026-05-07 11:36:49 [kafka-producer-network-thread | auth-service-producer-1] INFO  o.apache.kafka.clients.NetworkClient - [Producer clientId=auth-service-producer-1] Node -1 disconnected.
2026-05-07 11:36:49 [kafka-producer-network-thread | auth-service-producer-1] WARN  o.apache.kafka.clients.NetworkClient - [Producer clientId=auth-service-producer-1] Connection to node -1 (localhost/127.0.0.1:9092) could not be established. Node may not be available.
2026-05-07 11:36:49 [kafka-producer-network-thread | auth-service-producer-1] WARN  o.apache.kafka.clients.NetworkClient - [Producer clientId=auth-service-producer-1] Bootstrap broker localhost:9092 (id: -1 rack: null) disconnected
2026-05-07 11:36:51 [kafka-producer-network-thread | auth-service-producer-1] INFO  o.apache.kafka.clients.NetworkClient - [Producer clientId=auth-service-producer-1] Node -1 disconnected.
2026-05-07 11:36:51 [kafka-producer-network-thread | auth-service-producer-1] WARN  o.apache.kafka.clients.NetworkClient - [Producer clientId=auth-service-producer-1] Connection to node -1 (localhost/127.0.0.1:9092) could not be established. Node may not be available.
2026-05-07 11:36:51 [kafka-producer-network-thread | auth-service-producer-1] WARN  o.apache.kafka.clients.NetworkClient - [Producer clientId=auth-service-producer-1] Bootstrap broker localhost:9092 (id: -1 rack: null) disconnected
2026-05-07 11:36:52 [kafka-producer-network-thread | auth-service-producer-1] INFO  o.apache.kafka.clients.NetworkClient - [Producer clientId=auth-service-producer-1] Node -1 disconnected.
2026-05-07 11:36:52 [kafka-producer-network-thread | auth-service-producer-1] WARN  o.apache.kafka.clients.NetworkClient - [Producer clientId=auth-service-producer-1] Connection to node -1 (localhost/127.0.0.1:9092) could not be established. Node may not be available.
2026-05-07 11:36:52 [kafka-producer-network-thread | auth-service-producer-1] WARN  o.apache.kafka.clients.NetworkClient - [Producer clientId=auth-service-producer-1] Bootstrap broker localhost:9092 (id: -1 rack: null) disconnected
2026-05-07 11:36:53 [kafka-producer-network-thread | auth-service-producer-1] INFO  o.apache.kafka.clients.NetworkClient - [Producer clientId=auth-service-producer-1] Node -1 disconnected.
2026-05-07 11:36:53 [kafka-producer-network-thread | auth-service-producer-1] WARN  o.apache.kafka.clients.NetworkClient - [Producer clientId=auth-service-producer-1] Connection to node -1 (localhost/127.0.0.1:9092) could not be established. Node may not be available.
2026-05-07 11:36:53 [kafka-producer-network-thread | auth-service-producer-1] WARN  o.apache.kafka.clients.NetworkClient - [Producer clientId=auth-service-producer-1] Bootstrap broker localhost:9092 (id: -1 rack: null) disconnected
2026-05-07 11:36:54 [kafka-producer-network-thread | auth-service-producer-1] INFO  o.apache.kafka.clients.NetworkClient - [Producer clientId=auth-service-producer-1] Node -1 disconnected.
2026-05-07 11:36:54 [kafka-producer-network-thread | auth-service-producer-1] WARN  o.apache.kafka.clients.NetworkClient - [Producer clientId=auth-service-producer-1] Connection to node -1 (localhost/127.0.0.1:9092) could not be established. Node may not be available.
2026-05-07 11:36:54 [kafka-producer-network-thread | auth-service-producer-1] WARN  o.apache.kafka.clients.NetworkClient - [Producer clientId=auth-service-producer-1] Bootstrap broker localhost:9092 (id: -1 rack: null) disconnected
2026-05-07 11:36:55 [kafka-producer-network-thread | auth-service-producer-1] INFO  o.apache.kafka.clients.NetworkClient - [Producer clientId=auth-service-producer-1] Node -1 disconnected.
2026-05-07 11:36:55 [kafka-producer-network-thread | auth-service-producer-1] WARN  o.apache.kafka.clients.NetworkClient - [Producer clientId=auth-service-producer-1] Connection to node -1 (localhost/127.0.0.1:9092) could not be established. Node may not be available.
2026-05-07 11:36:55 [kafka-producer-network-thread | auth-service-producer-1] WARN  o.apache.kafka.clients.NetworkClient - [Producer clientId=auth-service-producer-1] Bootstrap broker localhost:9092 (id: -1 rack: null) disconnected
2026-05-07 11:36:56 [kafka-producer-network-thread | auth-service-producer-1] INFO  o.apache.kafka.clients.NetworkClient - [Producer clientId=auth-service-producer-1] Node -1 disconnected.
2026-05-07 11:36:56 [kafka-producer-network-thread | auth-service-producer-1] WARN  o.apache.kafka.clients.NetworkClient - [Producer clientId=auth-service-producer-1] Connection to node -1 (localhost/127.0.0.1:9092) could not be established. Node may not be available.
2026-05-07 11:36:56 [kafka-producer-network-thread | auth-service-producer-1] WARN  o.apache.kafka.clients.NetworkClient - [Producer clientId=auth-service-producer-1] Bootstrap broker localhost:9092 (id: -1 rack: null) disconnected
2026-05-07 11:36:57 [kafka-producer-network-thread | auth-service-producer-1] INFO  o.apache.kafka.clients.NetworkClient - [Producer clientId=auth-service-producer-1] Node -1 disconnected.
2026-05-07 11:36:57 [kafka-producer-network-thread | auth-service-producer-1] WARN  o.apache.kafka.clients.NetworkClient - [Producer clientId=auth-service-producer-1] Connection to node -1 (localhost/127.0.0.1:9092) could not be established. Node may not be available.
2026-05-07 11:36:57 [kafka-producer-network-thread | auth-service-producer-1] WARN  o.apache.kafka.clients.NetworkClient - [Producer clientId=auth-service-producer-1] Bootstrap broker localhost:9092 (id: -1 rack: null) disconnected
2026-05-07 11:36:58 [kafka-producer-network-thread | auth-service-producer-1] INFO  o.apache.kafka.clients.NetworkClient - [Producer clientId=auth-service-producer-1] Node -1 disconnected.
2026-05-07 11:36:58 [kafka-producer-network-thread | auth-service-producer-1] WARN  o.apache.kafka.clients.NetworkClient - [Producer clientId=auth-service-producer-1] Connection to node -1 (localhost/127.0.0.1:9092) could not be established. Node may not be available.
2026-05-07 11:36:58 [kafka-producer-network-thread | auth-service-producer-1] WARN  o.apache.kafka.clients.NetworkClient - [Producer clientId=auth-service-producer-1] Bootstrap broker localhost:9092 (id: -1 rack: null) disconnected
2026-05-07 11:36:59 [kafka-producer-network-thread | auth-service-producer-1] INFO  o.apache.kafka.clients.NetworkClient - [Producer clientId=auth-service-producer-1] Node -1 disconnected.
2026-05-07 11:36:59 [kafka-producer-network-thread | auth-service-producer-1] WARN  o.apache.kafka.clients.NetworkClient - [Producer clientId=auth-service-producer-1] Connection to node -1 (localhost/127.0.0.1:9092) could not be established. Node may not be available.
2026-05-07 11:36:59 [kafka-producer-network-thread | auth-service-producer-1] WARN  o.apache.kafka.clients.NetworkClient - [Producer clientId=auth-service-producer-1] Bootstrap broker localhost:9092 (id: -1 rack: null) disconnected
2026-05-07 11:37:00 [kafka-producer-network-thread | auth-service-producer-1] INFO  o.apache.kafka.clients.NetworkClient - [Producer clientId=auth-service-producer-1] Node -1 disconnected.
2026-05-07 11:37:00 [kafka-producer-network-thread | auth-service-producer-1] WARN  o.apache.kafka.clients.NetworkClient - [Producer clientId=auth-service-producer-1] Connection to node -1 (localhost/127.0.0.1:9092) could not be established. Node may not be available.
2026-05-07 11:37:00 [kafka-producer-network-thread | auth-service-producer-1] WARN  o.apache.kafka.clients.NetworkClient - [Producer clientId=auth-service-producer-1] Bootstrap broker localhost:9092 (id: -1 rack: null) disconnected
2026-05-07 11:37:01 [kafka-producer-network-thread | auth-service-producer-1] INFO  o.apache.kafka.clients.NetworkClient - [Producer clientId=auth-service-producer-1] Node -1 disconnected.
2026-05-07 11:37:01 [kafka-producer-network-thread | auth-service-producer-1] WARN  o.apache.kafka.clients.NetworkClient - [Producer clientId=auth-service-producer-1] Connection to node -1 (localhost/127.0.0.1:9092) could not be established. Node may not be available.
2026-05-07 11:37:01 [kafka-producer-network-thread | auth-service-producer-1] WARN  o.apache.kafka.clients.NetworkClient - [Producer clientId=auth-service-producer-1] Bootstrap broker localhost:9092 (id: -1 rack: null) disconnected
2026-05-07 11:37:02 [kafka-producer-network-thread | auth-service-producer-1] INFO  o.apache.kafka.clients.NetworkClient - [Producer clientId=auth-service-producer-1] Node -1 disconnected.
2026-05-07 11:37:02 [kafka-producer-network-thread | auth-service-producer-1] WARN  o.apache.kafka.clients.NetworkClient - [Producer clientId=auth-service-producer-1] Connection to node -1 (localhost/127.0.0.1:9092) could not be established. Node may not be available.
2026-05-07 11:37:02 [kafka-producer-network-thread | auth-service-producer-1] WARN  o.apache.kafka.clients.NetworkClient - [Producer clientId=auth-service-producer-1] Bootstrap broker localhost:9092 (id: -1 rack: null) disconnected
2026-05-07 11:37:03 [kafka-producer-network-thread | auth-service-producer-1] INFO  o.apache.kafka.clients.NetworkClient - [Producer clientId=auth-service-producer-1] Node -1 disconnected.
2026-05-07 11:37:03 [kafka-producer-network-thread | auth-service-producer-1] WARN  o.apache.kafka.clients.NetworkClient - [Producer clientId=auth-service-producer-1] Connection to node -1 (localhost/127.0.0.1:9092) could not be established. Node may not be available.
2026-05-07 11:37:03 [kafka-producer-network-thread | auth-service-producer-1] WARN  o.apache.kafka.clients.NetworkClient - [Producer clientId=auth-service-producer-1] Bootstrap broker localhost:9092 (id: -1 rack: null) disconnected
2026-05-07 11:37:04 [kafka-producer-network-thread | auth-service-producer-1] INFO  o.apache.kafka.clients.NetworkClient - [Producer clientId=auth-service-producer-1] Node -1 disconnected.
2026-05-07 11:37:04 [kafka-producer-network-thread | auth-service-producer-1] WARN  o.apache.kafka.clients.NetworkClient - [Producer clientId=auth-service-producer-1] Connection to node -1 (localhost/127.0.0.1:9092) could not be established. Node may not be available.
2026-05-07 11:37:04 [kafka-producer-network-thread | auth-service-producer-1] WARN  o.apache.kafka.clients.NetworkClient - [Producer clientId=auth-service-producer-1] Bootstrap broker localhost:9092 (id: -1 rack: null) disconnected
2026-05-07 11:37:05 [kafka-producer-network-thread | auth-service-producer-1] INFO  o.apache.kafka.clients.NetworkClient - [Producer clientId=auth-service-producer-1] Node -1 disconnected.
2026-05-07 11:37:05 [kafka-producer-network-thread | auth-service-producer-1] WARN  o.apache.kafka.clients.NetworkClient - [Producer clientId=auth-service-producer-1] Connection to node -1 (localhost/127.0.0.1:9092) could not be established. Node may not be available.
2026-05-07 11:37:05 [kafka-producer-network-thread | auth-service-producer-1] WARN  o.apache.kafka.clients.NetworkClient - [Producer clientId=auth-service-producer-1] Bootstrap broker localhost:9092 (id: -1 rack: null) disconnected
2026-05-07 11:37:06 [kafka-producer-network-thread | auth-service-producer-1] INFO  o.apache.kafka.clients.NetworkClient - [Producer clientId=auth-service-producer-1] Node -1 disconnected.
2026-05-07 11:37:06 [kafka-producer-network-thread | auth-service-producer-1] WARN  o.apache.kafka.clients.NetworkClient - [Producer clientId=auth-service-producer-1] Connection to node -1 (localhost/127.0.0.1:9092) could not be established. Node may not be available.
2026-05-07 11:37:06 [kafka-producer-network-thread | auth-service-producer-1] WARN  o.apache.kafka.clients.NetworkClient - [Producer clientId=auth-service-producer-1] Bootstrap broker localhost:9092 (id: -1 rack: null) disconnected
2026-05-07 11:37:07 [kafka-producer-network-thread | auth-service-producer-1] INFO  o.apache.kafka.clients.NetworkClient - [Producer clientId=auth-service-producer-1] Node -1 disconnected.
2026-05-07 11:37:07 [kafka-producer-network-thread | auth-service-producer-1] WARN  o.apache.kafka.clients.NetworkClient - [Producer clientId=auth-service-producer-1] Connection to node -1 (localhost/127.0.0.1:9092) could not be established. Node may not be available.
2026-05-07 11:37:07 [kafka-producer-network-thread | auth-service-producer-1] WARN  o.apache.kafka.clients.NetworkClient - [Producer clientId=auth-service-producer-1] Bootstrap broker localhost:9092 (id: -1 rack: null) disconnected
2026-05-07 11:37:08 [kafka-producer-network-thread | auth-service-producer-1] INFO  o.apache.kafka.clients.NetworkClient - [Producer clientId=auth-service-producer-1] Node -1 disconnected.
2026-05-07 11:37:08 [kafka-producer-network-thread | auth-service-producer-1] WARN  o.apache.kafka.clients.NetworkClient - [Producer clientId=auth-service-producer-1] Connection to node -1 (localhost/127.0.0.1:9092) could not be established. Node may not be available.
2026-05-07 11:37:08 [kafka-producer-network-thread | auth-service-producer-1] WARN  o.apache.kafka.clients.NetworkClient - [Producer clientId=auth-service-producer-1] Bootstrap broker localhost:9092 (id: -1 rack: null) disconnected
2026-05-07 11:37:09 [kafka-producer-network-thread | auth-service-producer-1] INFO  o.apache.kafka.clients.NetworkClient - [Producer clientId=auth-service-producer-1] Node -1 disconnected.
2026-05-07 11:37:09 [kafka-producer-network-thread | auth-service-producer-1] WARN  o.apache.kafka.clients.NetworkClient - [Producer clientId=auth-service-producer-1] Connection to node -1 (localhost/127.0.0.1:9092) could not be established. Node may not be available.
2026-05-07 11:37:09 [kafka-producer-network-thread | auth-service-producer-1] WARN  o.apache.kafka.clients.NetworkClient - [Producer clientId=auth-service-producer-1] Bootstrap broker localhost:9092 (id: -1 rack: null) disconnected
2026-05-07 11:37:10 [kafka-producer-network-thread | auth-service-producer-1] INFO  o.apache.kafka.clients.NetworkClient - [Producer clientId=auth-service-producer-1] Node -1 disconnected.
2026-05-07 11:37:10 [kafka-producer-network-thread | auth-service-producer-1] WARN  o.apache.kafka.clients.NetworkClient - [Producer clientId=auth-service-producer-1] Connection to node -1 (localhost/127.0.0.1:9092) could not be established. Node may not be available.
2026-05-07 11:37:10 [kafka-producer-network-thread | auth-service-producer-1] WARN  o.apache.kafka.clients.NetworkClient - [Producer clientId=auth-service-producer-1] Bootstrap broker localhost:9092 (id: -1 rack: null) disconnected
2026-05-07 11:37:11 [kafka-producer-network-thread | auth-service-producer-1] INFO  o.apache.kafka.clients.NetworkClient - [Producer clientId=auth-service-producer-1] Node -1 disconnected.
2026-05-07 11:37:11 [kafka-producer-network-thread | auth-service-producer-1] WARN  o.apache.kafka.clients.NetworkClient - [Producer clientId=auth-service-producer-1] Connection to node -1 (localhost/127.0.0.1:9092) could not be established. Node may not be available.
2026-05-07 11:37:11 [kafka-producer-network-thread | auth-service-producer-1] WARN  o.apache.kafka.clients.NetworkClient - [Producer clientId=auth-service-producer-1] Bootstrap broker localhost:9092 (id: -1 rack: null) disconnected
2026-05-07 11:37:12 [kafka-producer-network-thread | auth-service-producer-1] INFO  o.apache.kafka.clients.NetworkClient - [Producer clientId=auth-service-producer-1] Node -1 disconnected.
2026-05-07 11:37:12 [kafka-producer-network-thread | auth-service-producer-1] WARN  o.apache.kafka.clients.NetworkClient - [Producer clientId=auth-service-producer-1] Connection to node -1 (localhost/127.0.0.1:9092) could not be established. Node may not be available.
2026-05-07 11:37:12 [kafka-producer-network-thread | auth-service-producer-1] WARN  o.apache.kafka.clients.NetworkClient - [Producer clientId=auth-service-producer-1] Bootstrap broker localhost:9092 (id: -1 rack: null) disconnected
2026-05-07 11:37:13 [kafka-producer-network-thread | auth-service-producer-1] INFO  o.apache.kafka.clients.NetworkClient - [Producer clientId=auth-service-producer-1] Node -1 disconnected.
2026-05-07 11:37:13 [kafka-producer-network-thread | auth-service-producer-1] WARN  o.apache.kafka.clients.NetworkClient - [Producer clientId=auth-service-producer-1] Connection to node -1 (localhost/127.0.0.1:9092) could not be established. Node may not be available.
2026-05-07 11:37:13 [kafka-producer-network-thread | auth-service-producer-1] WARN  o.apache.kafka.clients.NetworkClient - [Producer clientId=auth-service-producer-1] Bootstrap broker localhost:9092 (id: -1 rack: null) disconnected
2026-05-07 11:37:14 [kafka-producer-network-thread | auth-service-producer-1] INFO  o.apache.kafka.clients.NetworkClient - [Producer clientId=auth-service-producer-1] Node -1 disconnected.
2026-05-07 11:37:14 [kafka-producer-network-thread | auth-service-producer-1] WARN  o.apache.kafka.clients.NetworkClient - [Producer clientId=auth-service-producer-1] Connection to node -1 (localhost/127.0.0.1:9092) could not be established. Node may not be available.
2026-05-07 11:37:14 [kafka-producer-network-thread | auth-service-producer-1] WARN  o.apache.kafka.clients.NetworkClient - [Producer clientId=auth-service-producer-1] Bootstrap broker localhost:9092 (id: -1 rack: null) disconnected
2026-05-07 11:37:15 [kafka-producer-network-thread | auth-service-producer-1] INFO  o.apache.kafka.clients.NetworkClient - [Producer clientId=auth-service-producer-1] Node -1 disconnected.
2026-05-07 11:37:15 [kafka-producer-network-thread | auth-service-producer-1] WARN  o.apache.kafka.clients.NetworkClient - [Producer clientId=auth-service-producer-1] Connection to node -1 (localhost/127.0.0.1:9092) could not be established. Node may not be available.
2026-05-07 11:37:15 [kafka-producer-network-thread | auth-service-producer-1] WARN  o.apache.kafka.clients.NetworkClient - [Producer clientId=auth-service-producer-1] Bootstrap broker localhost:9092 (id: -1 rack: null) disconnected
2026-05-07 11:37:16 [kafka-producer-network-thread | auth-service-producer-1] INFO  o.apache.kafka.clients.NetworkClient - [Producer clientId=auth-service-producer-1] Node -1 disconnected.
2026-05-07 11:37:16 [kafka-producer-network-thread | auth-service-producer-1] WARN  o.apache.kafka.clients.NetworkClient - [Producer clientId=auth-service-producer-1] Connection to node -1 (localhost/127.0.0.1:9092) could not be established. Node may not be available.
2026-05-07 11:37:16 [kafka-producer-network-thread | auth-service-producer-1] WARN  o.apache.kafka.clients.NetworkClient - [Producer clientId=auth-service-producer-1] Bootstrap broker localhost:9092 (id: -1 rack: null) disconnected
2026-05-07 11:37:17 [kafka-producer-network-thread | auth-service-producer-1] INFO  o.apache.kafka.clients.NetworkClient - [Producer clientId=auth-service-producer-1] Node -1 disconnected.
2026-05-07 11:37:17 [kafka-producer-network-thread | auth-service-producer-1] WARN  o.apache.kafka.clients.NetworkClient - [Producer clientId=auth-service-producer-1] Connection to node -1 (localhost/127.0.0.1:9092) could not be established. Node may not be available.
2026-05-07 11:37:17 [kafka-producer-network-thread | auth-service-producer-1] WARN  o.apache.kafka.clients.NetworkClient - [Producer clientId=auth-service-producer-1] Bootstrap broker localhost:9092 (id: -1 rack: null) disconnected
2026-05-07 11:37:18 [kafka-producer-network-thread | auth-service-producer-1] INFO  o.apache.kafka.clients.NetworkClient - [Producer clientId=auth-service-producer-1] Node -1 disconnected.
2026-05-07 11:37:18 [kafka-producer-network-thread | auth-service-producer-1] WARN  o.apache.kafka.clients.NetworkClient - [Producer clientId=auth-service-producer-1] Connection to node -1 (localhost/127.0.0.1:9092) could not be established. Node may not be available.
2026-05-07 11:37:18 [kafka-producer-network-thread | auth-service-producer-1] WARN  o.apache.kafka.clients.NetworkClient - [Producer clientId=auth-service-producer-1] Bootstrap broker localhost:9092 (id: -1 rack: null) disconnected
2026-05-07 11:37:19 [kafka-producer-network-thread | auth-service-producer-1] INFO  o.apache.kafka.clients.NetworkClient - [Producer clientId=auth-service-producer-1] Node -1 disconnected.
2026-05-07 11:37:19 [kafka-producer-network-thread | auth-service-producer-1] WARN  o.apache.kafka.clients.NetworkClient - [Producer clientId=auth-service-producer-1] Connection to node -1 (localhost/127.0.0.1:9092) could not be established. Node may not be available.
2026-05-07 11:37:19 [kafka-producer-network-thread | auth-service-producer-1] WARN  o.apache.kafka.clients.NetworkClient - [Producer clientId=auth-service-producer-1] Bootstrap broker localhost:9092 (id: -1 rack: null) disconnected
2026-05-07 11:37:20 [kafka-producer-network-thread | auth-service-producer-1] INFO  o.apache.kafka.clients.NetworkClient - [Producer clientId=auth-service-producer-1] Node -1 disconnected.
2026-05-07 11:37:20 [kafka-producer-network-thread | auth-service-producer-1] WARN  o.apache.kafka.clients.NetworkClient - [Producer clientId=auth-service-producer-1] Connection to node -1 (localhost/127.0.0.1:9092) could not be established. Node may not be available.
2026-05-07 11:37:20 [kafka-producer-network-thread | auth-service-producer-1] WARN  o.apache.kafka.clients.NetworkClient - [Producer clientId=auth-service-producer-1] Bootstrap broker localhost:9092 (id: -1 rack: null) disconnected
2026-05-07 11:37:21 [kafka-producer-network-thread | auth-service-producer-1] INFO  o.apache.kafka.clients.NetworkClient - [Producer clientId=auth-service-producer-1] Node -1 disconnected.
2026-05-07 11:37:21 [kafka-producer-network-thread | auth-service-producer-1] WARN  o.apache.kafka.clients.NetworkClient - [Producer clientId=auth-service-producer-1] Connection to node -1 (localhost/127.0.0.1:9092) could not be established. Node may not be available.
2026-05-07 11:37:21 [kafka-producer-network-thread | auth-service-producer-1] WARN  o.apache.kafka.clients.NetworkClient - [Producer clientId=auth-service-producer-1] Bootstrap broker localhost:9092 (id: -1 rack: null) disconnected
2026-05-07 11:37:22 [kafka-producer-network-thread | auth-service-producer-1] INFO  o.apache.kafka.clients.NetworkClient - [Producer clientId=auth-service-producer-1] Node -1 disconnected.
2026-05-07 11:37:22 [kafka-producer-network-thread | auth-service-producer-1] WARN  o.apache.kafka.clients.NetworkClient - [Producer clientId=auth-service-producer-1] Connection to node -1 (localhost/127.0.0.1:9092) could not be established. Node may not be available.
2026-05-07 11:37:22 [kafka-producer-network-thread | auth-service-producer-1] WARN  o.apache.kafka.clients.NetworkClient - [Producer clientId=auth-service-producer-1] Bootstrap broker localhost:9092 (id: -1 rack: null) disconnected
2026-05-07 11:37:23 [kafka-producer-network-thread | auth-service-producer-1] INFO  o.apache.kafka.clients.NetworkClient - [Producer clientId=auth-service-producer-1] Node -1 disconnected.
2026-05-07 11:37:23 [kafka-producer-network-thread | auth-service-producer-1] WARN  o.apache.kafka.clients.NetworkClient - [Producer clientId=auth-service-producer-1] Connection to node -1 (localhost/127.0.0.1:9092) could not be established. Node may not be available.
2026-05-07 11:37:23 [kafka-producer-network-thread | auth-service-producer-1] WARN  o.apache.kafka.clients.NetworkClient - [Producer clientId=auth-service-producer-1] Bootstrap broker localhost:9092 (id: -1 rack: null) disconnected
2026-05-07 11:37:24 [kafka-producer-network-thread | auth-service-producer-1] INFO  o.apache.kafka.clients.NetworkClient - [Producer clientId=auth-service-producer-1] Node -1 disconnected.
2026-05-07 11:37:24 [kafka-producer-network-thread | auth-service-producer-1] WARN  o.apache.kafka.clients.NetworkClient - [Producer clientId=auth-service-producer-1] Connection to node -1 (localhost/127.0.0.1:9092) could not be established. Node may not be available.
2026-05-07 11:37:24 [kafka-producer-network-thread | auth-service-producer-1] WARN  o.apache.kafka.clients.NetworkClient - [Producer clientId=auth-service-producer-1] Bootstrap broker localhost:9092 (id: -1 rack: null) disconnected
2026-05-07 11:37:25 [kafka-producer-network-thread | auth-service-producer-1] INFO  o.apache.kafka.clients.NetworkClient - [Producer clientId=auth-service-producer-1] Node -1 disconnected.
2026-05-07 11:37:25 [kafka-producer-network-thread | auth-service-producer-1] WARN  o.apache.kafka.clients.NetworkClient - [Producer clientId=auth-service-producer-1] Connection to node -1 (localhost/127.0.0.1:9092) could not be established. Node may not be available.
2026-05-07 11:37:25 [kafka-producer-network-thread | auth-service-producer-1] WARN  o.apache.kafka.clients.NetworkClient - [Producer clientId=auth-service-producer-1] Bootstrap broker localhost:9092 (id: -1 rack: null) disconnected
2026-05-07 11:37:26 [kafka-producer-network-thread | auth-service-producer-1] INFO  o.apache.kafka.clients.NetworkClient - [Producer clientId=auth-service-producer-1] Node -1 disconnected.
2026-05-07 11:37:26 [kafka-producer-network-thread | auth-service-producer-1] WARN  o.apache.kafka.clients.NetworkClient - [Producer clientId=auth-service-producer-1] Connection to node -1 (localhost/127.0.0.1:9092) could not be established. Node may not be available.
2026-05-07 11:37:26 [kafka-producer-network-thread | auth-service-producer-1] WARN  o.apache.kafka.clients.NetworkClient - [Producer clientId=auth-service-producer-1] Bootstrap broker localhost:9092 (id: -1 rack: null) disconnected
2026-05-07 11:37:26 [kafka-producer-network-thread | auth-service-producer-1] INFO  o.apache.kafka.clients.NetworkClient - [Producer clientId=auth-service-producer-1] Node -1 disconnected.
2026-05-07 11:37:26 [kafka-producer-network-thread | auth-service-producer-1] WARN  o.apache.kafka.clients.NetworkClient - [Producer clientId=auth-service-producer-1] Connection to node -1 (localhost/127.0.0.1:9092) could not be established. Node may not be available.
2026-05-07 11:37:26 [kafka-producer-network-thread | auth-service-producer-1] WARN  o.apache.kafka.clients.NetworkClient - [Producer clientId=auth-service-producer-1] Bootstrap broker localhost:9092 (id: -1 rack: null) disconnected
2026-05-07 11:37:28 [kafka-producer-network-thread | auth-service-producer-1] INFO  o.apache.kafka.clients.NetworkClient - [Producer clientId=auth-service-producer-1] Node -1 disconnected.
2026-05-07 11:37:28 [kafka-producer-network-thread | auth-service-producer-1] WARN  o.apache.kafka.clients.NetworkClient - [Producer clientId=auth-service-producer-1] Connection to node -1 (localhost/127.0.0.1:9092) could not be established. Node may not be available.
2026-05-07 11:37:28 [kafka-producer-network-thread | auth-service-producer-1] WARN  o.apache.kafka.clients.NetworkClient - [Producer clientId=auth-service-producer-1] Bootstrap broker localhost:9092 (id: -1 rack: null) disconnected
2026-05-07 11:37:29 [kafka-producer-network-thread | auth-service-producer-1] INFO  o.apache.kafka.clients.NetworkClient - [Producer clientId=auth-service-producer-1] Node -1 disconnected.
2026-05-07 11:37:29 [kafka-producer-network-thread | auth-service-producer-1] WARN  o.apache.kafka.clients.NetworkClient - [Producer clientId=auth-service-producer-1] Connection to node -1 (localhost/127.0.0.1:9092) could not be established. Node may not be available.
2026-05-07 11:37:29 [kafka-producer-network-thread | auth-service-producer-1] WARN  o.apache.kafka.clients.NetworkClient - [Producer clientId=auth-service-producer-1] Bootstrap broker localhost:9092 (id: -1 rack: null) disconnected
2026-05-07 11:37:30 [kafka-producer-network-thread | auth-service-producer-1] INFO  o.apache.kafka.clients.NetworkClient - [Producer clientId=auth-service-producer-1] Node -1 disconnected.
2026-05-07 11:37:30 [kafka-producer-network-thread | auth-service-producer-1] WARN  o.apache.kafka.clients.NetworkClient - [Producer clientId=auth-service-producer-1] Connection to node -1 (localhost/127.0.0.1:9092) could not be established. Node may not be available.
2026-05-07 11:37:30 [kafka-producer-network-thread | auth-service-producer-1] WARN  o.apache.kafka.clients.NetworkClient - [Producer clientId=auth-service-producer-1] Bootstrap broker localhost:9092 (id: -1 rack: null) disconnected
2026-05-07 11:37:31 [kafka-producer-network-thread | auth-service-producer-1] INFO  o.apache.kafka.clients.NetworkClient - [Producer clientId=auth-service-producer-1] Node -1 disconnected.
2026-05-07 11:37:31 [kafka-producer-network-thread | auth-service-producer-1] WARN  o.apache.kafka.clients.NetworkClient - [Producer clientId=auth-service-producer-1] Connection to node -1 (localhost/127.0.0.1:9092) could not be established. Node may not be available.
2026-05-07 11:37:31 [kafka-producer-network-thread | auth-service-producer-1] WARN  o.apache.kafka.clients.NetworkClient - [Producer clientId=auth-service-producer-1] Bootstrap broker localhost:9092 (id: -1 rack: null) disconnected
2026-05-07 11:37:32 [kafka-producer-network-thread | auth-service-producer-1] INFO  o.apache.kafka.clients.NetworkClient - [Producer clientId=auth-service-producer-1] Node -1 disconnected.
2026-05-07 11:37:32 [kafka-producer-network-thread | auth-service-producer-1] WARN  o.apache.kafka.clients.NetworkClient - [Producer clientId=auth-service-producer-1] Connection to node -1 (localhost/127.0.0.1:9092) could not be established. Node may not be available.
2026-05-07 11:37:32 [kafka-producer-network-thread | auth-service-producer-1] WARN  o.apache.kafka.clients.NetworkClient - [Producer clientId=auth-service-producer-1] Bootstrap broker localhost:9092 (id: -1 rack: null) disconnected
2026-05-07 11:37:33 [kafka-producer-network-thread | auth-service-producer-1] INFO  o.apache.kafka.clients.NetworkClient - [Producer clientId=auth-service-producer-1] Node -1 disconnected.
2026-05-07 11:37:33 [kafka-producer-network-thread | auth-service-producer-1] WARN  o.apache.kafka.clients.NetworkClient - [Producer clientId=auth-service-producer-1] Connection to node -1 (localhost/127.0.0.1:9092) could not be established. Node may not be available.
2026-05-07 11:37:33 [kafka-producer-network-thread | auth-service-producer-1] WARN  o.apache.kafka.clients.NetworkClient - [Producer clientId=auth-service-producer-1] Bootstrap broker localhost:9092 (id: -1 rack: null) disconnected
2026-05-07 11:37:34 [kafka-producer-network-thread | auth-service-producer-1] INFO  o.apache.kafka.clients.NetworkClient - [Producer clientId=auth-service-producer-1] Node -1 disconnected.
2026-05-07 11:37:34 [kafka-producer-network-thread | auth-service-producer-1] WARN  o.apache.kafka.clients.NetworkClient - [Producer clientId=auth-service-producer-1] Connection to node -1 (localhost/127.0.0.1:9092) could not be established. Node may not be available.
2026-05-07 11:37:34 [kafka-producer-network-thread | auth-service-producer-1] WARN  o.apache.kafka.clients.NetworkClient - [Producer clientId=auth-service-producer-1] Bootstrap broker localhost:9092 (id: -1 rack: null) disconnected
2026-05-07 11:37:35 [kafka-producer-network-thread | auth-service-producer-1] INFO  o.apache.kafka.clients.NetworkClient - [Producer clientId=auth-service-producer-1] Node -1 disconnected.
2026-05-07 11:37:35 [kafka-producer-network-thread | auth-service-producer-1] WARN  o.apache.kafka.clients.NetworkClient - [Producer clientId=auth-service-producer-1] Connection to node -1 (localhost/127.0.0.1:9092) could not be established. Node may not be available.
2026-05-07 11:37:35 [kafka-producer-network-thread | auth-service-producer-1] WARN  o.apache.kafka.clients.NetworkClient - [Producer clientId=auth-service-producer-1] Bootstrap broker localhost:9092 (id: -1 rack: null) disconnected
2026-05-07 11:37:35 [kafka-producer-network-thread | auth-service-producer-1] INFO  o.apache.kafka.clients.NetworkClient - [Producer clientId=auth-service-producer-1] Node -1 disconnected.
2026-05-07 11:37:35 [kafka-producer-network-thread | auth-service-producer-1] WARN  o.apache.kafka.clients.NetworkClient - [Producer clientId=auth-service-producer-1] Connection to node -1 (localhost/127.0.0.1:9092) could not be established. Node may not be available.
2026-05-07 11:37:35 [kafka-producer-network-thread | auth-service-producer-1] WARN  o.apache.kafka.clients.NetworkClient - [Producer clientId=auth-service-producer-1] Bootstrap broker localhost:9092 (id: -1 rack: null) disconnected
2026-05-07 11:37:37 [kafka-producer-network-thread | auth-service-producer-1] INFO  o.apache.kafka.clients.NetworkClient - [Producer clientId=auth-service-producer-1] Node -1 disconnected.
2026-05-07 11:37:37 [kafka-producer-network-thread | auth-service-producer-1] WARN  o.apache.kafka.clients.NetworkClient - [Producer clientId=auth-service-producer-1] Connection to node -1 (localhost/127.0.0.1:9092) could not be established. Node may not be available.
2026-05-07 11:37:37 [kafka-producer-network-thread | auth-service-producer-1] WARN  o.apache.kafka.clients.NetworkClient - [Producer clientId=auth-service-producer-1] Bootstrap broker localhost:9092 (id: -1 rack: null) disconnected
2026-05-07 11:37:37 [kafka-producer-network-thread | auth-service-producer-1] INFO  o.apache.kafka.clients.NetworkClient - [Producer clientId=auth-service-producer-1] Node -1 disconnected.
2026-05-07 11:37:37 [kafka-producer-network-thread | auth-service-producer-1] WARN  o.apache.kafka.clients.NetworkClient - [Producer clientId=auth-service-producer-1] Connection to node -1 (localhost/127.0.0.1:9092) could not be established. Node may not be available.
2026-05-07 11:37:37 [kafka-producer-network-thread | auth-service-producer-1] WARN  o.apache.kafka.clients.NetworkClient - [Producer clientId=auth-service-producer-1] Bootstrap broker localhost:9092 (id: -1 rack: null) disconnected
2026-05-07 11:37:38 [kafka-producer-network-thread | auth-service-producer-1] INFO  o.apache.kafka.clients.NetworkClient - [Producer clientId=auth-service-producer-1] Node -1 disconnected.
2026-05-07 11:37:38 [kafka-producer-network-thread | auth-service-producer-1] WARN  o.apache.kafka.clients.NetworkClient - [Producer clientId=auth-service-producer-1] Connection to node -1 (localhost/127.0.0.1:9092) could not be established. Node may not be available.
2026-05-07 11:37:38 [kafka-producer-network-thread | auth-service-producer-1] WARN  o.apache.kafka.clients.NetworkClient - [Producer clientId=auth-service-producer-1] Bootstrap broker localhost:9092 (id: -1 rack: null) disconnected
2026-05-07 11:37:39 [kafka-producer-network-thread | auth-service-producer-1] INFO  o.apache.kafka.clients.NetworkClient - [Producer clientId=auth-service-producer-1] Node -1 disconnected.
2026-05-07 11:37:39 [kafka-producer-network-thread | auth-service-producer-1] WARN  o.apache.kafka.clients.NetworkClient - [Producer clientId=auth-service-producer-1] Connection to node -1 (localhost/127.0.0.1:9092) could not be established. Node may not be available.
2026-05-07 11:37:39 [kafka-producer-network-thread | auth-service-producer-1] WARN  o.apache.kafka.clients.NetworkClient - [Producer clientId=auth-service-producer-1] Bootstrap broker localhost:9092 (id: -1 rack: null) disconnected
2026-05-07 11:37:40 [kafka-producer-network-thread | auth-service-producer-1] INFO  o.apache.kafka.clients.NetworkClient - [Producer clientId=auth-service-producer-1] Node -1 disconnected.
2026-05-07 11:37:40 [kafka-producer-network-thread | auth-service-producer-1] WARN  o.apache.kafka.clients.NetworkClient - [Producer clientId=auth-service-producer-1] Connection to node -1 (localhost/127.0.0.1:9092) could not be established. Node may not be available.
2026-05-07 11:37:40 [kafka-producer-network-thread | auth-service-producer-1] WARN  o.apache.kafka.clients.NetworkClient - [Producer clientId=auth-service-producer-1] Bootstrap broker localhost:9092 (id: -1 rack: null) disconnected
2026-05-07 11:37:41 [http-nio-8081-exec-6] INFO  com.r2s.auth.service.AuthService - Registering new user: e2euser_18533
2026-05-07 11:37:41 [http-nio-8081-exec-6] INFO  com.r2s.auth.service.AuthService - User registered successfully: e2euser_18533
2026-05-07 11:37:41 [http-nio-8081-exec-6] INFO  c.r2s.auth.kafka.UserEventProducer - Sending UserRegistered event: e2euser_18533
2026-05-07 11:37:41 [kafka-producer-network-thread | auth-service-producer-1] INFO  o.apache.kafka.clients.NetworkClient - [Producer clientId=auth-service-producer-1] Node -1 disconnected.
2026-05-07 11:37:41 [kafka-producer-network-thread | auth-service-producer-1] WARN  o.apache.kafka.clients.NetworkClient - [Producer clientId=auth-service-producer-1] Connection to node -1 (localhost/127.0.0.1:9092) could not be established. Node may not be available.
2026-05-07 11:37:41 [kafka-producer-network-thread | auth-service-producer-1] WARN  o.apache.kafka.clients.NetworkClient - [Producer clientId=auth-service-producer-1] Bootstrap broker localhost:9092 (id: -1 rack: null) disconnected
2026-05-07 11:37:42 [kafka-producer-network-thread | auth-service-producer-1] INFO  o.apache.kafka.clients.NetworkClient - [Producer clientId=auth-service-producer-1] Node -1 disconnected.
2026-05-07 11:37:42 [kafka-producer-network-thread | auth-service-producer-1] WARN  o.apache.kafka.clients.NetworkClient - [Producer clientId=auth-service-producer-1] Connection to node -1 (localhost/127.0.0.1:9092) could not be established. Node may not be available.
2026-05-07 11:37:42 [kafka-producer-network-thread | auth-service-producer-1] WARN  o.apache.kafka.clients.NetworkClient - [Producer clientId=auth-service-producer-1] Bootstrap broker localhost:9092 (id: -1 rack: null) disconnected
2026-05-07 11:37:43 [kafka-producer-network-thread | auth-service-producer-1] INFO  o.apache.kafka.clients.NetworkClient - [Producer clientId=auth-service-producer-1] Node -1 disconnected.
2026-05-07 11:37:43 [kafka-producer-network-thread | auth-service-producer-1] WARN  o.apache.kafka.clients.NetworkClient - [Producer clientId=auth-service-producer-1] Connection to node -1 (localhost/127.0.0.1:9092) could not be established. Node may not be available.
2026-05-07 11:37:43 [kafka-producer-network-thread | auth-service-producer-1] WARN  o.apache.kafka.clients.NetworkClient - [Producer clientId=auth-service-producer-1] Bootstrap broker localhost:9092 (id: -1 rack: null) disconnected
2026-05-07 11:37:44 [kafka-producer-network-thread | auth-service-producer-1] INFO  o.apache.kafka.clients.NetworkClient - [Producer clientId=auth-service-producer-1] Node -1 disconnected.
2026-05-07 11:37:44 [kafka-producer-network-thread | auth-service-producer-1] WARN  o.apache.kafka.clients.NetworkClient - [Producer clientId=auth-service-producer-1] Connection to node -1 (localhost/127.0.0.1:9092) could not be established. Node may not be available.
2026-05-07 11:37:44 [kafka-producer-network-thread | auth-service-producer-1] WARN  o.apache.kafka.clients.NetworkClient - [Producer clientId=auth-service-producer-1] Bootstrap broker localhost:9092 (id: -1 rack: null) disconnected
2026-05-07 11:37:45 [kafka-producer-network-thread | auth-service-producer-1] INFO  o.apache.kafka.clients.NetworkClient - [Producer clientId=auth-service-producer-1] Node -1 disconnected.
2026-05-07 11:37:45 [kafka-producer-network-thread | auth-service-producer-1] WARN  o.apache.kafka.clients.NetworkClient - [Producer clientId=auth-service-producer-1] Connection to node -1 (localhost/127.0.0.1:9092) could not be established. Node may not be available.
2026-05-07 11:37:45 [kafka-producer-network-thread | auth-service-producer-1] WARN  o.apache.kafka.clients.NetworkClient - [Producer clientId=auth-service-producer-1] Bootstrap broker localhost:9092 (id: -1 rack: null) disconnected
2026-05-07 11:37:46 [kafka-producer-network-thread | auth-service-producer-1] INFO  o.apache.kafka.clients.NetworkClient - [Producer clientId=auth-service-producer-1] Node -1 disconnected.
2026-05-07 11:37:46 [kafka-producer-network-thread | auth-service-producer-1] WARN  o.apache.kafka.clients.NetworkClient - [Producer clientId=auth-service-producer-1] Connection to node -1 (localhost/127.0.0.1:9092) could not be established. Node may not be available.
2026-05-07 11:37:46 [kafka-producer-network-thread | auth-service-producer-1] WARN  o.apache.kafka.clients.NetworkClient - [Producer clientId=auth-service-producer-1] Bootstrap broker localhost:9092 (id: -1 rack: null) disconnected
2026-05-07 11:37:47 [kafka-producer-network-thread | auth-service-producer-1] INFO  o.apache.kafka.clients.NetworkClient - [Producer clientId=auth-service-producer-1] Node -1 disconnected.
2026-05-07 11:37:47 [kafka-producer-network-thread | auth-service-producer-1] WARN  o.apache.kafka.clients.NetworkClient - [Producer clientId=auth-service-producer-1] Connection to node -1 (localhost/127.0.0.1:9092) could not be established. Node may not be available.
2026-05-07 11:37:47 [kafka-producer-network-thread | auth-service-producer-1] WARN  o.apache.kafka.clients.NetworkClient - [Producer clientId=auth-service-producer-1] Bootstrap broker localhost:9092 (id: -1 rack: null) disconnected
2026-05-07 11:37:48 [kafka-producer-network-thread | auth-service-producer-1] INFO  o.apache.kafka.clients.NetworkClient - [Producer clientId=auth-service-producer-1] Node -1 disconnected.
2026-05-07 11:37:48 [kafka-producer-network-thread | auth-service-producer-1] WARN  o.apache.kafka.clients.NetworkClient - [Producer clientId=auth-service-producer-1] Connection to node -1 (localhost/127.0.0.1:9092) could not be established. Node may not be available.
2026-05-07 11:37:48 [kafka-producer-network-thread | auth-service-producer-1] WARN  o.apache.kafka.clients.NetworkClient - [Producer clientId=auth-service-producer-1] Bootstrap broker localhost:9092 (id: -1 rack: null) disconnected
2026-05-07 11:37:49 [kafka-producer-network-thread | auth-service-producer-1] INFO  o.apache.kafka.clients.NetworkClient - [Producer clientId=auth-service-producer-1] Node -1 disconnected.
2026-05-07 11:37:49 [kafka-producer-network-thread | auth-service-producer-1] WARN  o.apache.kafka.clients.NetworkClient - [Producer clientId=auth-service-producer-1] Connection to node -1 (localhost/127.0.0.1:9092) could not be established. Node may not be available.
2026-05-07 11:37:49 [kafka-producer-network-thread | auth-service-producer-1] WARN  o.apache.kafka.clients.NetworkClient - [Producer clientId=auth-service-producer-1] Bootstrap broker localhost:9092 (id: -1 rack: null) disconnected
2026-05-07 11:37:50 [kafka-producer-network-thread | auth-service-producer-1] INFO  o.apache.kafka.clients.NetworkClient - [Producer clientId=auth-service-producer-1] Node -1 disconnected.
2026-05-07 11:37:50 [kafka-producer-network-thread | auth-service-producer-1] WARN  o.apache.kafka.clients.NetworkClient - [Producer clientId=auth-service-producer-1] Connection to node -1 (localhost/127.0.0.1:9092) could not be established. Node may not be available.
2026-05-07 11:37:50 [kafka-producer-network-thread | auth-service-producer-1] WARN  o.apache.kafka.clients.NetworkClient - [Producer clientId=auth-service-producer-1] Bootstrap broker localhost:9092 (id: -1 rack: null) disconnected
2026-05-07 11:37:51 [kafka-producer-network-thread | auth-service-producer-1] INFO  o.apache.kafka.clients.NetworkClient - [Producer clientId=auth-service-producer-1] Node -1 disconnected.
2026-05-07 11:37:51 [kafka-producer-network-thread | auth-service-producer-1] WARN  o.apache.kafka.clients.NetworkClient - [Producer clientId=auth-service-producer-1] Connection to node -1 (localhost/127.0.0.1:9092) could not be established. Node may not be available.
2026-05-07 11:37:51 [kafka-producer-network-thread | auth-service-producer-1] WARN  o.apache.kafka.clients.NetworkClient - [Producer clientId=auth-service-producer-1] Bootstrap broker localhost:9092 (id: -1 rack: null) disconnected
2026-05-07 11:37:52 [kafka-producer-network-thread | auth-service-producer-1] INFO  o.apache.kafka.clients.NetworkClient - [Producer clientId=auth-service-producer-1] Node -1 disconnected.
2026-05-07 11:37:52 [kafka-producer-network-thread | auth-service-producer-1] WARN  o.apache.kafka.clients.NetworkClient - [Producer clientId=auth-service-producer-1] Connection to node -1 (localhost/127.0.0.1:9092) could not be established. Node may not be available.
2026-05-07 11:37:52 [kafka-producer-network-thread | auth-service-producer-1] WARN  o.apache.kafka.clients.NetworkClient - [Producer clientId=auth-service-producer-1] Bootstrap broker localhost:9092 (id: -1 rack: null) disconnected
2026-05-07 11:37:53 [kafka-producer-network-thread | auth-service-producer-1] INFO  o.apache.kafka.clients.NetworkClient - [Producer clientId=auth-service-producer-1] Node -1 disconnected.
2026-05-07 11:37:53 [kafka-producer-network-thread | auth-service-producer-1] WARN  o.apache.kafka.clients.NetworkClient - [Producer clientId=auth-service-producer-1] Connection to node -1 (localhost/127.0.0.1:9092) could not be established. Node may not be available.
2026-05-07 11:37:53 [kafka-producer-network-thread | auth-service-producer-1] WARN  o.apache.kafka.clients.NetworkClient - [Producer clientId=auth-service-producer-1] Bootstrap broker localhost:9092 (id: -1 rack: null) disconnected
2026-05-07 11:37:54 [kafka-producer-network-thread | auth-service-producer-1] INFO  o.apache.kafka.clients.NetworkClient - [Producer clientId=auth-service-producer-1] Node -1 disconnected.
2026-05-07 11:37:54 [kafka-producer-network-thread | auth-service-producer-1] WARN  o.apache.kafka.clients.NetworkClient - [Producer clientId=auth-service-producer-1] Connection to node -1 (localhost/127.0.0.1:9092) could not be established. Node may not be available.
2026-05-07 11:37:54 [kafka-producer-network-thread | auth-service-producer-1] WARN  o.apache.kafka.clients.NetworkClient - [Producer clientId=auth-service-producer-1] Bootstrap broker localhost:9092 (id: -1 rack: null) disconnected
2026-05-07 11:37:55 [kafka-producer-network-thread | auth-service-producer-1] INFO  o.apache.kafka.clients.NetworkClient - [Producer clientId=auth-service-producer-1] Node -1 disconnected.
2026-05-07 11:37:55 [kafka-producer-network-thread | auth-service-producer-1] WARN  o.apache.kafka.clients.NetworkClient - [Producer clientId=auth-service-producer-1] Connection to node -1 (localhost/127.0.0.1:9092) could not be established. Node may not be available.
2026-05-07 11:37:55 [kafka-producer-network-thread | auth-service-producer-1] WARN  o.apache.kafka.clients.NetworkClient - [Producer clientId=auth-service-producer-1] Bootstrap broker localhost:9092 (id: -1 rack: null) disconnected
2026-05-07 11:37:56 [kafka-producer-network-thread | auth-service-producer-1] INFO  o.apache.kafka.clients.NetworkClient - [Producer clientId=auth-service-producer-1] Node -1 disconnected.
2026-05-07 11:37:56 [kafka-producer-network-thread | auth-service-producer-1] WARN  o.apache.kafka.clients.NetworkClient - [Producer clientId=auth-service-producer-1] Connection to node -1 (localhost/127.0.0.1:9092) could not be established. Node may not be available.
2026-05-07 11:37:56 [kafka-producer-network-thread | auth-service-producer-1] WARN  o.apache.kafka.clients.NetworkClient - [Producer clientId=auth-service-producer-1] Bootstrap broker localhost:9092 (id: -1 rack: null) disconnected
2026-05-07 11:37:57 [kafka-producer-network-thread | auth-service-producer-1] INFO  o.apache.kafka.clients.NetworkClient - [Producer clientId=auth-service-producer-1] Node -1 disconnected.
2026-05-07 11:37:57 [kafka-producer-network-thread | auth-service-producer-1] WARN  o.apache.kafka.clients.NetworkClient - [Producer clientId=auth-service-producer-1] Connection to node -1 (localhost/127.0.0.1:9092) could not be established. Node may not be available.
2026-05-07 11:37:57 [kafka-producer-network-thread | auth-service-producer-1] WARN  o.apache.kafka.clients.NetworkClient - [Producer clientId=auth-service-producer-1] Bootstrap broker localhost:9092 (id: -1 rack: null) disconnected
2026-05-07 11:37:58 [kafka-producer-network-thread | auth-service-producer-1] INFO  o.apache.kafka.clients.NetworkClient - [Producer clientId=auth-service-producer-1] Node -1 disconnected.
2026-05-07 11:37:58 [kafka-producer-network-thread | auth-service-producer-1] WARN  o.apache.kafka.clients.NetworkClient - [Producer clientId=auth-service-producer-1] Connection to node -1 (localhost/127.0.0.1:9092) could not be established. Node may not be available.
2026-05-07 11:37:58 [kafka-producer-network-thread | auth-service-producer-1] WARN  o.apache.kafka.clients.NetworkClient - [Producer clientId=auth-service-producer-1] Bootstrap broker localhost:9092 (id: -1 rack: null) disconnected
2026-05-07 11:37:59 [kafka-producer-network-thread | auth-service-producer-1] INFO  o.apache.kafka.clients.NetworkClient - [Producer clientId=auth-service-producer-1] Node -1 disconnected.
2026-05-07 11:37:59 [kafka-producer-network-thread | auth-service-producer-1] WARN  o.apache.kafka.clients.NetworkClient - [Producer clientId=auth-service-producer-1] Connection to node -1 (localhost/127.0.0.1:9092) could not be established. Node may not be available.
2026-05-07 11:37:59 [kafka-producer-network-thread | auth-service-producer-1] WARN  o.apache.kafka.clients.NetworkClient - [Producer clientId=auth-service-producer-1] Bootstrap broker localhost:9092 (id: -1 rack: null) disconnected
2026-05-07 11:38:00 [kafka-producer-network-thread | auth-service-producer-1] INFO  o.apache.kafka.clients.NetworkClient - [Producer clientId=auth-service-producer-1] Node -1 disconnected.
2026-05-07 11:38:00 [kafka-producer-network-thread | auth-service-producer-1] WARN  o.apache.kafka.clients.NetworkClient - [Producer clientId=auth-service-producer-1] Connection to node -1 (localhost/127.0.0.1:9092) could not be established. Node may not be available.
2026-05-07 11:38:00 [kafka-producer-network-thread | auth-service-producer-1] WARN  o.apache.kafka.clients.NetworkClient - [Producer clientId=auth-service-producer-1] Bootstrap broker localhost:9092 (id: -1 rack: null) disconnected
2026-05-07 11:38:01 [kafka-producer-network-thread | auth-service-producer-1] INFO  o.apache.kafka.clients.NetworkClient - [Producer clientId=auth-service-producer-1] Node -1 disconnected.
2026-05-07 11:38:01 [kafka-producer-network-thread | auth-service-producer-1] WARN  o.apache.kafka.clients.NetworkClient - [Producer clientId=auth-service-producer-1] Connection to node -1 (localhost/127.0.0.1:9092) could not be established. Node may not be available.
2026-05-07 11:38:01 [kafka-producer-network-thread | auth-service-producer-1] WARN  o.apache.kafka.clients.NetworkClient - [Producer clientId=auth-service-producer-1] Bootstrap broker localhost:9092 (id: -1 rack: null) disconnected
2026-05-07 11:38:02 [kafka-producer-network-thread | auth-service-producer-1] INFO  o.apache.kafka.clients.NetworkClient - [Producer clientId=auth-service-producer-1] Node -1 disconnected.
2026-05-07 11:38:02 [kafka-producer-network-thread | auth-service-producer-1] WARN  o.apache.kafka.clients.NetworkClient - [Producer clientId=auth-service-producer-1] Connection to node -1 (localhost/127.0.0.1:9092) could not be established. Node may not be available.
2026-05-07 11:38:02 [kafka-producer-network-thread | auth-service-producer-1] WARN  o.apache.kafka.clients.NetworkClient - [Producer clientId=auth-service-producer-1] Bootstrap broker localhost:9092 (id: -1 rack: null) disconnected
2026-05-07 11:38:03 [kafka-producer-network-thread | auth-service-producer-1] INFO  o.apache.kafka.clients.NetworkClient - [Producer clientId=auth-service-producer-1] Node -1 disconnected.
2026-05-07 11:38:03 [kafka-producer-network-thread | auth-service-producer-1] WARN  o.apache.kafka.clients.NetworkClient - [Producer clientId=auth-service-producer-1] Connection to node -1 (localhost/127.0.0.1:9092) could not be established. Node may not be available.
2026-05-07 11:38:03 [kafka-producer-network-thread | auth-service-producer-1] WARN  o.apache.kafka.clients.NetworkClient - [Producer clientId=auth-service-producer-1] Bootstrap broker localhost:9092 (id: -1 rack: null) disconnected
2026-05-07 11:38:04 [kafka-producer-network-thread | auth-service-producer-1] INFO  o.apache.kafka.clients.NetworkClient - [Producer clientId=auth-service-producer-1] Node -1 disconnected.
2026-05-07 11:38:04 [kafka-producer-network-thread | auth-service-producer-1] WARN  o.apache.kafka.clients.NetworkClient - [Producer clientId=auth-service-producer-1] Connection to node -1 (localhost/127.0.0.1:9092) could not be established. Node may not be available.
2026-05-07 11:38:04 [kafka-producer-network-thread | auth-service-producer-1] WARN  o.apache.kafka.clients.NetworkClient - [Producer clientId=auth-service-producer-1] Bootstrap broker localhost:9092 (id: -1 rack: null) disconnected
2026-05-07 11:38:05 [kafka-producer-network-thread | auth-service-producer-1] INFO  o.apache.kafka.clients.NetworkClient - [Producer clientId=auth-service-producer-1] Node -1 disconnected.
2026-05-07 11:38:05 [kafka-producer-network-thread | auth-service-producer-1] WARN  o.apache.kafka.clients.NetworkClient - [Producer clientId=auth-service-producer-1] Connection to node -1 (localhost/127.0.0.1:9092) could not be established. Node may not be available.
2026-05-07 11:38:05 [kafka-producer-network-thread | auth-service-producer-1] WARN  o.apache.kafka.clients.NetworkClient - [Producer clientId=auth-service-producer-1] Bootstrap broker localhost:9092 (id: -1 rack: null) disconnected
2026-05-07 11:38:06 [kafka-producer-network-thread | auth-service-producer-1] INFO  o.apache.kafka.clients.NetworkClient - [Producer clientId=auth-service-producer-1] Node -1 disconnected.
2026-05-07 11:38:06 [kafka-producer-network-thread | auth-service-producer-1] WARN  o.apache.kafka.clients.NetworkClient - [Producer clientId=auth-service-producer-1] Connection to node -1 (localhost/127.0.0.1:9092) could not be established. Node may not be available.
2026-05-07 11:38:06 [kafka-producer-network-thread | auth-service-producer-1] WARN  o.apache.kafka.clients.NetworkClient - [Producer clientId=auth-service-producer-1] Bootstrap broker localhost:9092 (id: -1 rack: null) disconnected
2026-05-07 11:38:07 [kafka-producer-network-thread | auth-service-producer-1] INFO  o.apache.kafka.clients.NetworkClient - [Producer clientId=auth-service-producer-1] Node -1 disconnected.
2026-05-07 11:38:07 [kafka-producer-network-thread | auth-service-producer-1] WARN  o.apache.kafka.clients.NetworkClient - [Producer clientId=auth-service-producer-1] Connection to node -1 (localhost/127.0.0.1:9092) could not be established. Node may not be available.
2026-05-07 11:38:07 [kafka-producer-network-thread | auth-service-producer-1] WARN  o.apache.kafka.clients.NetworkClient - [Producer clientId=auth-service-producer-1] Bootstrap broker localhost:9092 (id: -1 rack: null) disconnected
2026-05-07 11:38:08 [kafka-producer-network-thread | auth-service-producer-1] INFO  o.apache.kafka.clients.NetworkClient - [Producer clientId=auth-service-producer-1] Node -1 disconnected.
2026-05-07 11:38:08 [kafka-producer-network-thread | auth-service-producer-1] WARN  o.apache.kafka.clients.NetworkClient - [Producer clientId=auth-service-producer-1] Connection to node -1 (localhost/127.0.0.1:9092) could not be established. Node may not be available.
2026-05-07 11:38:08 [kafka-producer-network-thread | auth-service-producer-1] WARN  o.apache.kafka.clients.NetworkClient - [Producer clientId=auth-service-producer-1] Bootstrap broker localhost:9092 (id: -1 rack: null) disconnected
2026-05-07 11:38:09 [kafka-producer-network-thread | auth-service-producer-1] INFO  o.apache.kafka.clients.NetworkClient - [Producer clientId=auth-service-producer-1] Node -1 disconnected.
2026-05-07 11:38:09 [kafka-producer-network-thread | auth-service-producer-1] WARN  o.apache.kafka.clients.NetworkClient - [Producer clientId=auth-service-producer-1] Connection to node -1 (localhost/127.0.0.1:9092) could not be established. Node may not be available.
2026-05-07 11:38:09 [kafka-producer-network-thread | auth-service-producer-1] WARN  o.apache.kafka.clients.NetworkClient - [Producer clientId=auth-service-producer-1] Bootstrap broker localhost:9092 (id: -1 rack: null) disconnected
2026-05-07 11:38:10 [kafka-producer-network-thread | auth-service-producer-1] INFO  o.apache.kafka.clients.NetworkClient - [Producer clientId=auth-service-producer-1] Node -1 disconnected.
2026-05-07 11:38:10 [kafka-producer-network-thread | auth-service-producer-1] WARN  o.apache.kafka.clients.NetworkClient - [Producer clientId=auth-service-producer-1] Connection to node -1 (localhost/127.0.0.1:9092) could not be established. Node may not be available.
2026-05-07 11:38:10 [kafka-producer-network-thread | auth-service-producer-1] WARN  o.apache.kafka.clients.NetworkClient - [Producer clientId=auth-service-producer-1] Bootstrap broker localhost:9092 (id: -1 rack: null) disconnected
2026-05-07 11:38:11 [kafka-producer-network-thread | auth-service-producer-1] INFO  o.apache.kafka.clients.NetworkClient - [Producer clientId=auth-service-producer-1] Node -1 disconnected.
2026-05-07 11:38:11 [kafka-producer-network-thread | auth-service-producer-1] WARN  o.apache.kafka.clients.NetworkClient - [Producer clientId=auth-service-producer-1] Connection to node -1 (localhost/127.0.0.1:9092) could not be established. Node may not be available.
2026-05-07 11:38:11 [kafka-producer-network-thread | auth-service-producer-1] WARN  o.apache.kafka.clients.NetworkClient - [Producer clientId=auth-service-producer-1] Bootstrap broker localhost:9092 (id: -1 rack: null) disconnected
2026-05-07 11:38:12 [kafka-producer-network-thread | auth-service-producer-1] INFO  o.apache.kafka.clients.NetworkClient - [Producer clientId=auth-service-producer-1] Node -1 disconnected.
2026-05-07 11:38:12 [kafka-producer-network-thread | auth-service-producer-1] WARN  o.apache.kafka.clients.NetworkClient - [Producer clientId=auth-service-producer-1] Connection to node -1 (localhost/127.0.0.1:9092) could not be established. Node may not be available.
2026-05-07 11:38:12 [kafka-producer-network-thread | auth-service-producer-1] WARN  o.apache.kafka.clients.NetworkClient - [Producer clientId=auth-service-producer-1] Bootstrap broker localhost:9092 (id: -1 rack: null) disconnected
2026-05-07 11:38:13 [kafka-producer-network-thread | auth-service-producer-1] INFO  o.apache.kafka.clients.NetworkClient - [Producer clientId=auth-service-producer-1] Node -1 disconnected.
2026-05-07 11:38:13 [kafka-producer-network-thread | auth-service-producer-1] WARN  o.apache.kafka.clients.NetworkClient - [Producer clientId=auth-service-producer-1] Connection to node -1 (localhost/127.0.0.1:9092) could not be established. Node may not be available.
2026-05-07 11:38:13 [kafka-producer-network-thread | auth-service-producer-1] WARN  o.apache.kafka.clients.NetworkClient - [Producer clientId=auth-service-producer-1] Bootstrap broker localhost:9092 (id: -1 rack: null) disconnected
2026-05-07 11:38:14 [kafka-producer-network-thread | auth-service-producer-1] INFO  o.apache.kafka.clients.NetworkClient - [Producer clientId=auth-service-producer-1] Node -1 disconnected.
2026-05-07 11:38:14 [kafka-producer-network-thread | auth-service-producer-1] WARN  o.apache.kafka.clients.NetworkClient - [Producer clientId=auth-service-producer-1] Connection to node -1 (localhost/127.0.0.1:9092) could not be established. Node may not be available.
2026-05-07 11:38:14 [kafka-producer-network-thread | auth-service-producer-1] WARN  o.apache.kafka.clients.NetworkClient - [Producer clientId=auth-service-producer-1] Bootstrap broker localhost:9092 (id: -1 rack: null) disconnected
2026-05-07 11:38:15 [kafka-producer-network-thread | auth-service-producer-1] INFO  o.apache.kafka.clients.NetworkClient - [Producer clientId=auth-service-producer-1] Node -1 disconnected.
2026-05-07 11:38:15 [kafka-producer-network-thread | auth-service-producer-1] WARN  o.apache.kafka.clients.NetworkClient - [Producer clientId=auth-service-producer-1] Connection to node -1 (localhost/127.0.0.1:9092) could not be established. Node may not be available.
2026-05-07 11:38:15 [kafka-producer-network-thread | auth-service-producer-1] WARN  o.apache.kafka.clients.NetworkClient - [Producer clientId=auth-service-producer-1] Bootstrap broker localhost:9092 (id: -1 rack: null) disconnected
2026-05-07 11:38:16 [kafka-producer-network-thread | auth-service-producer-1] INFO  o.apache.kafka.clients.NetworkClient - [Producer clientId=auth-service-producer-1] Node -1 disconnected.
2026-05-07 11:38:16 [kafka-producer-network-thread | auth-service-producer-1] WARN  o.apache.kafka.clients.NetworkClient - [Producer clientId=auth-service-producer-1] Connection to node -1 (localhost/127.0.0.1:9092) could not be established. Node may not be available.
2026-05-07 11:38:16 [kafka-producer-network-thread | auth-service-producer-1] WARN  o.apache.kafka.clients.NetworkClient - [Producer clientId=auth-service-producer-1] Bootstrap broker localhost:9092 (id: -1 rack: null) disconnected
2026-05-07 11:38:17 [kafka-producer-network-thread | auth-service-producer-1] INFO  o.apache.kafka.clients.NetworkClient - [Producer clientId=auth-service-producer-1] Node -1 disconnected.
2026-05-07 11:38:17 [kafka-producer-network-thread | auth-service-producer-1] WARN  o.apache.kafka.clients.NetworkClient - [Producer clientId=auth-service-producer-1] Connection to node -1 (localhost/127.0.0.1:9092) could not be established. Node may not be available.
2026-05-07 11:38:17 [kafka-producer-network-thread | auth-service-producer-1] WARN  o.apache.kafka.clients.NetworkClient - [Producer clientId=auth-service-producer-1] Bootstrap broker localhost:9092 (id: -1 rack: null) disconnected
2026-05-07 11:38:18 [kafka-producer-network-thread | auth-service-producer-1] INFO  o.apache.kafka.clients.NetworkClient - [Producer clientId=auth-service-producer-1] Node -1 disconnected.
2026-05-07 11:38:18 [kafka-producer-network-thread | auth-service-producer-1] WARN  o.apache.kafka.clients.NetworkClient - [Producer clientId=auth-service-producer-1] Connection to node -1 (localhost/127.0.0.1:9092) could not be established. Node may not be available.
2026-05-07 11:38:18 [kafka-producer-network-thread | auth-service-producer-1] WARN  o.apache.kafka.clients.NetworkClient - [Producer clientId=auth-service-producer-1] Bootstrap broker localhost:9092 (id: -1 rack: null) disconnected
2026-05-07 11:38:19 [kafka-producer-network-thread | auth-service-producer-1] INFO  o.apache.kafka.clients.NetworkClient - [Producer clientId=auth-service-producer-1] Node -1 disconnected.
2026-05-07 11:38:19 [kafka-producer-network-thread | auth-service-producer-1] WARN  o.apache.kafka.clients.NetworkClient - [Producer clientId=auth-service-producer-1] Connection to node -1 (localhost/127.0.0.1:9092) could not be established. Node may not be available.
2026-05-07 11:38:19 [kafka-producer-network-thread | auth-service-producer-1] WARN  o.apache.kafka.clients.NetworkClient - [Producer clientId=auth-service-producer-1] Bootstrap broker localhost:9092 (id: -1 rack: null) disconnected
2026-05-07 11:38:20 [kafka-producer-network-thread | auth-service-producer-1] INFO  o.apache.kafka.clients.NetworkClient - [Producer clientId=auth-service-producer-1] Node -1 disconnected.
2026-05-07 11:38:20 [kafka-producer-network-thread | auth-service-producer-1] INFO  o.apache.kafka.clients.NetworkClient - [Producer clientId=auth-service-producer-1] Cancelled in-flight API_VERSIONS request with correlation id 0 due to node -1 being disconnected (elapsed time since creation: 21ms, elapsed time since send: 21ms, throttle time: 0ms, request timeout: 30000ms)
2026-05-07 11:38:20 [kafka-producer-network-thread | auth-service-producer-1] WARN  o.apache.kafka.clients.NetworkClient - [Producer clientId=auth-service-producer-1] Bootstrap broker localhost:9092 (id: -1 rack: null) disconnected
2026-05-07 11:38:21 [kafka-producer-network-thread | auth-service-producer-1] INFO  o.apache.kafka.clients.NetworkClient - [Producer clientId=auth-service-producer-1] Node -1 disconnected.
2026-05-07 11:38:21 [kafka-producer-network-thread | auth-service-producer-1] INFO  o.apache.kafka.clients.NetworkClient - [Producer clientId=auth-service-producer-1] Cancelled in-flight API_VERSIONS request with correlation id 1 due to node -1 being disconnected (elapsed time since creation: 3ms, elapsed time since send: 3ms, throttle time: 0ms, request timeout: 30000ms)
2026-05-07 11:38:21 [kafka-producer-network-thread | auth-service-producer-1] WARN  o.apache.kafka.clients.NetworkClient - [Producer clientId=auth-service-producer-1] Bootstrap broker localhost:9092 (id: -1 rack: null) disconnected
2026-05-07 11:38:22 [kafka-producer-network-thread | auth-service-producer-1] INFO  o.apache.kafka.clients.NetworkClient - [Producer clientId=auth-service-producer-1] Node -1 disconnected.
2026-05-07 11:38:22 [kafka-producer-network-thread | auth-service-producer-1] INFO  o.apache.kafka.clients.NetworkClient - [Producer clientId=auth-service-producer-1] Cancelled in-flight API_VERSIONS request with correlation id 2 due to node -1 being disconnected (elapsed time since creation: 2ms, elapsed time since send: 2ms, throttle time: 0ms, request timeout: 30000ms)
2026-05-07 11:38:22 [kafka-producer-network-thread | auth-service-producer-1] WARN  o.apache.kafka.clients.NetworkClient - [Producer clientId=auth-service-producer-1] Bootstrap broker localhost:9092 (id: -1 rack: null) disconnected
2026-05-07 11:38:23 [kafka-producer-network-thread | auth-service-producer-1] INFO  o.apache.kafka.clients.NetworkClient - [Producer clientId=auth-service-producer-1] Node -1 disconnected.
2026-05-07 11:38:23 [kafka-producer-network-thread | auth-service-producer-1] INFO  o.apache.kafka.clients.NetworkClient - [Producer clientId=auth-service-producer-1] Cancelled in-flight API_VERSIONS request with correlation id 3 due to node -1 being disconnected (elapsed time since creation: 2ms, elapsed time since send: 2ms, throttle time: 0ms, request timeout: 30000ms)
2026-05-07 11:38:23 [kafka-producer-network-thread | auth-service-producer-1] WARN  o.apache.kafka.clients.NetworkClient - [Producer clientId=auth-service-producer-1] Bootstrap broker localhost:9092 (id: -1 rack: null) disconnected
2026-05-07 11:38:24 [kafka-producer-network-thread | auth-service-producer-1] INFO  o.apache.kafka.clients.NetworkClient - [Producer clientId=auth-service-producer-1] Node -1 disconnected.
2026-05-07 11:38:24 [kafka-producer-network-thread | auth-service-producer-1] INFO  o.apache.kafka.clients.NetworkClient - [Producer clientId=auth-service-producer-1] Cancelled in-flight API_VERSIONS request with correlation id 4 due to node -1 being disconnected (elapsed time since creation: 4ms, elapsed time since send: 4ms, throttle time: 0ms, request timeout: 30000ms)
2026-05-07 11:38:24 [kafka-producer-network-thread | auth-service-producer-1] WARN  o.apache.kafka.clients.NetworkClient - [Producer clientId=auth-service-producer-1] Bootstrap broker localhost:9092 (id: -1 rack: null) disconnected
2026-05-07 11:38:25 [kafka-producer-network-thread | auth-service-producer-1] INFO  o.apache.kafka.clients.NetworkClient - [Producer clientId=auth-service-producer-1] Node -1 disconnected.
2026-05-07 11:38:25 [kafka-producer-network-thread | auth-service-producer-1] INFO  o.apache.kafka.clients.NetworkClient - [Producer clientId=auth-service-producer-1] Cancelled in-flight API_VERSIONS request with correlation id 5 due to node -1 being disconnected (elapsed time since creation: 2ms, elapsed time since send: 2ms, throttle time: 0ms, request timeout: 30000ms)
2026-05-07 11:38:25 [kafka-producer-network-thread | auth-service-producer-1] WARN  o.apache.kafka.clients.NetworkClient - [Producer clientId=auth-service-producer-1] Bootstrap broker localhost:9092 (id: -1 rack: null) disconnected
2026-05-07 11:38:26 [kafka-producer-network-thread | auth-service-producer-1] INFO  o.apache.kafka.clients.NetworkClient - [Producer clientId=auth-service-producer-1] Node -1 disconnected.
2026-05-07 11:38:26 [kafka-producer-network-thread | auth-service-producer-1] INFO  o.apache.kafka.clients.NetworkClient - [Producer clientId=auth-service-producer-1] Cancelled in-flight API_VERSIONS request with correlation id 6 due to node -1 being disconnected (elapsed time since creation: 1ms, elapsed time since send: 1ms, throttle time: 0ms, request timeout: 30000ms)
2026-05-07 11:38:26 [kafka-producer-network-thread | auth-service-producer-1] WARN  o.apache.kafka.clients.NetworkClient - [Producer clientId=auth-service-producer-1] Bootstrap broker localhost:9092 (id: -1 rack: null) disconnected
2026-05-07 11:38:27 [kafka-producer-network-thread | auth-service-producer-1] WARN  o.apache.kafka.clients.NetworkClient - [Producer clientId=auth-service-producer-1] Error while fetching metadata with correlation id 8 : {user-registered-topic=LEADER_NOT_AVAILABLE}
2026-05-07 11:38:27 [kafka-producer-network-thread | auth-service-producer-1] INFO  org.apache.kafka.clients.Metadata - [Producer clientId=auth-service-producer-1] Cluster ID: ycnzCVKTQ5KdSCiYTHatEg
2026-05-07 11:38:27 [kafka-producer-network-thread | auth-service-producer-1] INFO  o.a.k.c.p.i.TransactionManager - [Producer clientId=auth-service-producer-1] ProducerId set to 0 with epoch 0
2026-05-07 11:38:27 [http-nio-8081-exec-7] INFO  com.r2s.auth.service.AuthService - Login attempt for user: e2euser_18533
2026-05-07 11:38:27 [http-nio-8081-exec-7] INFO  com.r2s.auth.service.AuthService - User logged in successfully: e2euser_18533
2026-05-07 11:38:28 [http-nio-8081-exec-9] INFO  com.r2s.auth.service.AuthService - Login attempt for user: e2euser_18533
2026-05-07 11:38:28 [http-nio-8081-exec-4] INFO  com.r2s.auth.service.AuthService - Registering new user: e2euser_18533
2026-05-07 11:38:28 [http-nio-8081-exec-4] WARN  com.r2s.auth.service.AuthService - Registration failed - username already exists: e2euser_18533
2026-05-07 11:38:57 [http-nio-8081-exec-5] INFO  com.r2s.auth.service.AuthService - Registering new user: e2euser_53548
2026-05-07 11:38:57 [http-nio-8081-exec-5] INFO  com.r2s.auth.service.AuthService - User registered successfully: e2euser_53548
2026-05-07 11:38:57 [http-nio-8081-exec-5] INFO  c.r2s.auth.kafka.UserEventProducer - Sending UserRegistered event: e2euser_53548
2026-05-07 11:38:57 [http-nio-8081-exec-6] INFO  com.r2s.auth.service.AuthService - Login attempt for user: e2euser_53548
2026-05-07 11:38:57 [http-nio-8081-exec-6] INFO  com.r2s.auth.service.AuthService - User logged in successfully: e2euser_53548
2026-05-07 11:38:58 [http-nio-8081-exec-10] INFO  com.r2s.auth.service.AuthService - Login attempt for user: e2euser_53548
2026-05-07 11:38:58 [http-nio-8081-exec-2] INFO  com.r2s.auth.service.AuthService - Registering new user: e2euser_53548
2026-05-07 11:38:58 [http-nio-8081-exec-2] WARN  com.r2s.auth.service.AuthService - Registration failed - username already exists: e2euser_53548
2026-05-07 11:44:30 [background-preinit] INFO  o.h.validator.internal.util.Version - HV000001: Hibernate Validator 8.0.2.Final
2026-05-07 11:44:30 [main] INFO  com.r2s.auth.AuthServiceApplication - Starting AuthServiceApplication using Java 21.0.9 with PID 8764 (D:\HOME-HAN\FPT\R2S\OJT\user-access-management\auth-service\target\classes started by MY PC in D:\HOME-HAN\FPT\R2S\OJT\user-access-management\auth-service)
2026-05-07 11:44:30 [main] DEBUG com.r2s.auth.AuthServiceApplication - Running with Spring Boot v3.4.4, Spring v6.2.5
2026-05-07 11:44:30 [main] INFO  com.r2s.auth.AuthServiceApplication - The following 1 profile is active: "dev"
2026-05-07 11:44:30 [main] WARN  o.s.b.w.s.c.AnnotationConfigServletWebServerApplicationContext - Exception encountered during context initialization - cancelling refresh attempt: org.springframework.beans.factory.BeanDefinitionStoreException: Failed to parse configuration class [com.r2s.auth.AuthServiceApplication]
2026-05-07 11:44:30 [main] ERROR o.s.boot.SpringApplication - Application run failed
org.springframework.beans.factory.BeanDefinitionStoreException: Failed to parse configuration class [com.r2s.auth.AuthServiceApplication]
	at org.springframework.context.annotation.ConfigurationClassParser.parse(ConfigurationClassParser.java:193)
	at org.springframework.context.annotation.ConfigurationClassPostProcessor.processConfigBeanDefinitions(ConfigurationClassPostProcessor.java:418)
	at org.springframework.context.annotation.ConfigurationClassPostProcessor.postProcessBeanDefinitionRegistry(ConfigurationClassPostProcessor.java:290)
	at org.springframework.context.support.PostProcessorRegistrationDelegate.invokeBeanDefinitionRegistryPostProcessors(PostProcessorRegistrationDelegate.java:349)
	at org.springframework.context.support.PostProcessorRegistrationDelegate.invokeBeanFactoryPostProcessors(PostProcessorRegistrationDelegate.java:118)
	at org.springframework.context.support.AbstractApplicationContext.invokeBeanFactoryPostProcessors(AbstractApplicationContext.java:791)
	at org.springframework.context.support.AbstractApplicationContext.refresh(AbstractApplicationContext.java:609)
	at org.springframework.boot.web.servlet.context.ServletWebServerApplicationContext.refresh(ServletWebServerApplicationContext.java:146)
	at org.springframework.boot.SpringApplication.refresh(SpringApplication.java:752)
	at org.springframework.boot.SpringApplication.refreshContext(SpringApplication.java:439)
	at org.springframework.boot.SpringApplication.run(SpringApplication.java:318)
	at org.springframework.boot.SpringApplication.run(SpringApplication.java:1361)
	at org.springframework.boot.SpringApplication.run(SpringApplication.java:1350)
	at com.r2s.auth.AuthServiceApplication.main(AuthServiceApplication.java:11)
Caused by: org.springframework.context.annotation.ConflictingBeanDefinitionException: Annotation-specified bean name 'globalExceptionHandler' for bean class [com.r2s.core.exception.GlobalExceptionHandler] conflicts with existing, non-compatible bean definition of same name and class [com.r2s.auth.exception.GlobalExceptionHandler]
	at org.springframework.context.annotation.ClassPathBeanDefinitionScanner.checkCandidate(ClassPathBeanDefinitionScanner.java:361)
	at org.springframework.context.annotation.ClassPathBeanDefinitionScanner.doScan(ClassPathBeanDefinitionScanner.java:288)
	at org.springframework.context.annotation.ComponentScanAnnotationParser.parse(ComponentScanAnnotationParser.java:128)
	at org.springframework.context.annotation.ConfigurationClassParser.doProcessConfigurationClass(ConfigurationClassParser.java:345)
	at org.springframework.context.annotation.ConfigurationClassParser.processConfigurationClass(ConfigurationClassParser.java:280)
	at org.springframework.context.annotation.ConfigurationClassParser.parse(ConfigurationClassParser.java:203)
	at org.springframework.context.annotation.ConfigurationClassParser.parse(ConfigurationClassParser.java:172)
	... 13 common frames omitted
2026-05-07 11:44:53 [background-preinit] INFO  o.h.validator.internal.util.Version - HV000001: Hibernate Validator 8.0.2.Final
2026-05-07 11:44:53 [main] INFO  com.r2s.auth.AuthServiceApplication - Starting AuthServiceApplication using Java 21.0.9 with PID 28456 (D:\HOME-HAN\FPT\R2S\OJT\user-access-management\auth-service\target\classes started by MY PC in D:\HOME-HAN\FPT\R2S\OJT\user-access-management\auth-service)
2026-05-07 11:44:53 [main] DEBUG com.r2s.auth.AuthServiceApplication - Running with Spring Boot v3.4.4, Spring v6.2.5
2026-05-07 11:44:53 [main] INFO  com.r2s.auth.AuthServiceApplication - The following 1 profile is active: "dev"
2026-05-07 11:44:54 [main] WARN  o.s.b.w.s.c.AnnotationConfigServletWebServerApplicationContext - Exception encountered during context initialization - cancelling refresh attempt: org.springframework.beans.factory.BeanDefinitionStoreException: Failed to parse configuration class [com.r2s.auth.AuthServiceApplication]
2026-05-07 11:44:54 [main] ERROR o.s.boot.SpringApplication - Application run failed
org.springframework.beans.factory.BeanDefinitionStoreException: Failed to parse configuration class [com.r2s.auth.AuthServiceApplication]
	at org.springframework.context.annotation.ConfigurationClassParser.parse(ConfigurationClassParser.java:193)
	at org.springframework.context.annotation.ConfigurationClassPostProcessor.processConfigBeanDefinitions(ConfigurationClassPostProcessor.java:418)
	at org.springframework.context.annotation.ConfigurationClassPostProcessor.postProcessBeanDefinitionRegistry(ConfigurationClassPostProcessor.java:290)
	at org.springframework.context.support.PostProcessorRegistrationDelegate.invokeBeanDefinitionRegistryPostProcessors(PostProcessorRegistrationDelegate.java:349)
	at org.springframework.context.support.PostProcessorRegistrationDelegate.invokeBeanFactoryPostProcessors(PostProcessorRegistrationDelegate.java:118)
	at org.springframework.context.support.AbstractApplicationContext.invokeBeanFactoryPostProcessors(AbstractApplicationContext.java:791)
	at org.springframework.context.support.AbstractApplicationContext.refresh(AbstractApplicationContext.java:609)
	at org.springframework.boot.web.servlet.context.ServletWebServerApplicationContext.refresh(ServletWebServerApplicationContext.java:146)
	at org.springframework.boot.SpringApplication.refresh(SpringApplication.java:752)
	at org.springframework.boot.SpringApplication.refreshContext(SpringApplication.java:439)
	at org.springframework.boot.SpringApplication.run(SpringApplication.java:318)
	at org.springframework.boot.SpringApplication.run(SpringApplication.java:1361)
	at org.springframework.boot.SpringApplication.run(SpringApplication.java:1350)
	at com.r2s.auth.AuthServiceApplication.main(AuthServiceApplication.java:11)
Caused by: org.springframework.context.annotation.ConflictingBeanDefinitionException: Annotation-specified bean name 'globalExceptionHandler' for bean class [com.r2s.core.exception.GlobalExceptionHandler] conflicts with existing, non-compatible bean definition of same name and class [com.r2s.auth.exception.GlobalExceptionHandler]
	at org.springframework.context.annotation.ClassPathBeanDefinitionScanner.checkCandidate(ClassPathBeanDefinitionScanner.java:361)
	at org.springframework.context.annotation.ClassPathBeanDefinitionScanner.doScan(ClassPathBeanDefinitionScanner.java:288)
	at org.springframework.context.annotation.ComponentScanAnnotationParser.parse(ComponentScanAnnotationParser.java:128)
	at org.springframework.context.annotation.ConfigurationClassParser.doProcessConfigurationClass(ConfigurationClassParser.java:345)
	at org.springframework.context.annotation.ConfigurationClassParser.processConfigurationClass(ConfigurationClassParser.java:280)
	at org.springframework.context.annotation.ConfigurationClassParser.parse(ConfigurationClassParser.java:203)
	at org.springframework.context.annotation.ConfigurationClassParser.parse(ConfigurationClassParser.java:172)
	... 13 common frames omitted
2026-05-07 11:48:29 [background-preinit] INFO  o.h.validator.internal.util.Version - HV000001: Hibernate Validator 8.0.2.Final
2026-05-07 11:48:30 [main] INFO  com.r2s.auth.AuthServiceApplication - Starting AuthServiceApplication using Java 21.0.9 with PID 33784 (D:\HOME-HAN\FPT\R2S\OJT\user-access-management\auth-service\target\classes started by MY PC in D:\HOME-HAN\FPT\R2S\OJT\user-access-management\auth-service)
2026-05-07 11:48:30 [main] DEBUG com.r2s.auth.AuthServiceApplication - Running with Spring Boot v3.4.4, Spring v6.2.5
2026-05-07 11:48:30 [main] INFO  com.r2s.auth.AuthServiceApplication - The following 1 profile is active: "dev"
2026-05-07 11:48:30 [main] INFO  o.s.d.r.c.RepositoryConfigurationDelegate - Bootstrapping Spring Data JPA repositories in DEFAULT mode.
2026-05-07 11:48:30 [main] INFO  o.s.d.r.c.RepositoryConfigurationDelegate - Finished Spring Data repository scanning in 31 ms. Found 1 JPA repository interface.
2026-05-07 11:48:31 [main] INFO  o.s.b.w.e.tomcat.TomcatWebServer - Tomcat initialized with port 8081 (http)
2026-05-07 11:48:31 [main] INFO  o.a.coyote.http11.Http11NioProtocol - Initializing ProtocolHandler ["http-nio-8081"]
2026-05-07 11:48:31 [main] INFO  o.a.catalina.core.StandardService - Starting service [Tomcat]
2026-05-07 11:48:31 [main] INFO  o.a.catalina.core.StandardEngine - Starting Servlet engine: [Apache Tomcat/10.1.39]
2026-05-07 11:48:31 [main] INFO  o.a.c.c.C.[Tomcat].[localhost].[/] - Initializing Spring embedded WebApplicationContext
2026-05-07 11:48:31 [main] INFO  o.s.b.w.s.c.ServletWebServerApplicationContext - Root WebApplicationContext: initialization completed in 1389 ms
2026-05-07 11:48:31 [main] INFO  com.zaxxer.hikari.HikariDataSource - HikariPool-1 - Starting...
2026-05-07 11:48:32 [main] INFO  com.zaxxer.hikari.pool.HikariPool - HikariPool-1 - Added connection org.postgresql.jdbc.PgConnection@53525379
2026-05-07 11:48:32 [main] INFO  com.zaxxer.hikari.HikariDataSource - HikariPool-1 - Start completed.
2026-05-07 11:48:32 [main] INFO  org.flywaydb.core.FlywayExecutor - Database: jdbc:postgresql://localhost:5432/auth-service (PostgreSQL 18.3)
2026-05-07 11:48:32 [main] WARN  o.f.c.i.database.base.Database - Flyway upgrade recommended: PostgreSQL 18.3 is newer than this version of Flyway and support has not been tested. The latest supported version of PostgreSQL is 17.
2026-05-07 11:48:32 [main] INFO  o.f.core.internal.command.DbValidate - Successfully validated 2 migrations (execution time 00:00.021s)
2026-05-07 11:48:32 [main] INFO  o.f.core.internal.command.DbMigrate - Current version of schema "public": 1
2026-05-07 11:48:32 [main] INFO  o.f.core.internal.command.DbMigrate - Schema "public" is up to date. No migration necessary.
2026-05-07 11:48:32 [main] INFO  o.h.jpa.internal.util.LogHelper - HHH000204: Processing PersistenceUnitInfo [name: default]
2026-05-07 11:48:32 [main] INFO  org.hibernate.Version - HHH000412: Hibernate ORM core version 6.6.11.Final
2026-05-07 11:48:32 [main] INFO  o.h.c.i.RegionFactoryInitiator - HHH000026: Second-level cache disabled
2026-05-07 11:48:32 [main] INFO  o.s.o.j.p.SpringPersistenceUnitInfo - No LoadTimeWeaver setup: ignoring JPA class transformer
2026-05-07 11:48:32 [main] WARN  org.hibernate.orm.deprecation - HHH90000025: PostgreSQLDialect does not need to be specified explicitly using 'hibernate.dialect' (remove the property setting and it will be selected by default)
2026-05-07 11:48:32 [main] INFO  o.hibernate.orm.connections.pooling - HHH10001005: Database info:
	Database JDBC URL [Connecting through datasource 'HikariDataSource (HikariPool-1)']
	Database driver: undefined/unknown
	Database version: 18.3
	Autocommit mode: undefined/unknown
	Isolation level: undefined/unknown
	Minimum pool size: undefined/unknown
	Maximum pool size: undefined/unknown
2026-05-07 11:48:33 [main] INFO  o.h.e.t.j.p.i.JtaPlatformInitiator - HHH000489: No JTA platform available (set 'hibernate.transaction.jta.platform' to enable JTA platform integration)
2026-05-07 11:48:33 [main] INFO  o.s.o.j.LocalContainerEntityManagerFactoryBean - Initialized JPA EntityManagerFactory for persistence unit 'default'
2026-05-07 11:48:33 [main] DEBUG c.r2s.auth.security.RateLimitFilter - Filter 'rateLimitFilter' configured for use
2026-05-07 11:48:33 [main] DEBUG com.r2s.auth.security.JwtFilter - Filter 'jwtFilter' configured for use
2026-05-07 11:48:33 [main] INFO  o.s.s.c.a.a.c.InitializeUserDetailsBeanManagerConfigurer$InitializeUserDetailsManagerConfigurer - Global AuthenticationManager configured with UserDetailsService bean with name customUserDetailsService
2026-05-07 11:48:33 [main] INFO  o.s.b.a.e.web.EndpointLinksResolver - Exposing 4 endpoints beneath base path '/actuator'
2026-05-07 11:48:34 [main] INFO  o.a.coyote.http11.Http11NioProtocol - Starting ProtocolHandler ["http-nio-8081"]
2026-05-07 11:48:34 [main] INFO  o.s.b.w.e.tomcat.TomcatWebServer - Tomcat started on port 8081 (http) with context path '/'
2026-05-07 11:48:34 [main] INFO  com.r2s.auth.AuthServiceApplication - Started AuthServiceApplication in 4.456 seconds (process running for 4.68)
2026-05-07 11:48:44 [http-nio-8081-exec-1] INFO  o.a.c.c.C.[Tomcat].[localhost].[/] - Initializing Spring DispatcherServlet 'dispatcherServlet'
2026-05-07 11:48:44 [http-nio-8081-exec-1] INFO  o.s.web.servlet.DispatcherServlet - Initializing Servlet 'dispatcherServlet'
2026-05-07 11:48:44 [http-nio-8081-exec-1] INFO  o.s.web.servlet.DispatcherServlet - Completed initialization in 2 ms
2026-05-07 11:48:44 [http-nio-8081-exec-1] INFO  com.r2s.auth.service.AuthService - Registering new user: e2euser_6208
2026-05-07 11:48:45 [http-nio-8081-exec-1] INFO  com.r2s.auth.service.AuthService - User registered successfully: e2euser_6208
2026-05-07 11:48:45 [http-nio-8081-exec-1] INFO  c.r2s.auth.kafka.UserEventProducer - Sending UserRegistered event: e2euser_6208
2026-05-07 11:48:45 [http-nio-8081-exec-1] INFO  o.a.k.c.producer.ProducerConfig - ProducerConfig values: 
	acks = -1
	auto.include.jmx.reporter = true
	batch.size = 16384
	bootstrap.servers = [localhost:9092]
	buffer.memory = 33554432
	client.dns.lookup = use_all_dns_ips
	client.id = auth-service-producer-1
	compression.gzip.level = -1
	compression.lz4.level = 9
	compression.type = none
	compression.zstd.level = 3
	connections.max.idle.ms = 540000
	delivery.timeout.ms = 120000
	enable.idempotence = true
	enable.metrics.push = true
	interceptor.classes = []
	key.serializer = class org.apache.kafka.common.serialization.StringSerializer
	linger.ms = 0
	max.block.ms = 60000
	max.in.flight.requests.per.connection = 5
	max.request.size = 1048576
	metadata.max.age.ms = 300000
	metadata.max.idle.ms = 300000
	metadata.recovery.strategy = none
	metric.reporters = []
	metrics.num.samples = 2
	metrics.recording.level = INFO
	metrics.sample.window.ms = 30000
	partitioner.adaptive.partitioning.enable = true
	partitioner.availability.timeout.ms = 0
	partitioner.class = null
	partitioner.ignore.keys = false
	receive.buffer.bytes = 32768
	reconnect.backoff.max.ms = 1000
	reconnect.backoff.ms = 50
	request.timeout.ms = 30000
	retries = 2147483647
	retry.backoff.max.ms = 1000
	retry.backoff.ms = 100
	sasl.client.callback.handler.class = null
	sasl.jaas.config = null
	sasl.kerberos.kinit.cmd = /usr/bin/kinit
	sasl.kerberos.min.time.before.relogin = 60000
	sasl.kerberos.service.name = null
	sasl.kerberos.ticket.renew.jitter = 0.05
	sasl.kerberos.ticket.renew.window.factor = 0.8
	sasl.login.callback.handler.class = null
	sasl.login.class = null
	sasl.login.connect.timeout.ms = null
	sasl.login.read.timeout.ms = null
	sasl.login.refresh.buffer.seconds = 300
	sasl.login.refresh.min.period.seconds = 60
	sasl.login.refresh.window.factor = 0.8
	sasl.login.refresh.window.jitter = 0.05
	sasl.login.retry.backoff.max.ms = 10000
	sasl.login.retry.backoff.ms = 100
	sasl.mechanism = GSSAPI
	sasl.oauthbearer.clock.skew.seconds = 30
	sasl.oauthbearer.expected.audience = null
	sasl.oauthbearer.expected.issuer = null
	sasl.oauthbearer.jwks.endpoint.refresh.ms = 3600000
	sasl.oauthbearer.jwks.endpoint.retry.backoff.max.ms = 10000
	sasl.oauthbearer.jwks.endpoint.retry.backoff.ms = 100
	sasl.oauthbearer.jwks.endpoint.url = null
	sasl.oauthbearer.scope.claim.name = scope
	sasl.oauthbearer.sub.claim.name = sub
	sasl.oauthbearer.token.endpoint.url = null
	security.protocol = PLAINTEXT
	security.providers = null
	send.buffer.bytes = 131072
	socket.connection.setup.timeout.max.ms = 30000
	socket.connection.setup.timeout.ms = 10000
	ssl.cipher.suites = null
	ssl.enabled.protocols = [TLSv1.2, TLSv1.3]
	ssl.endpoint.identification.algorithm = https
	ssl.engine.factory.class = null
	ssl.key.password = null
	ssl.keymanager.algorithm = SunX509
	ssl.keystore.certificate.chain = null
	ssl.keystore.key = null
	ssl.keystore.location = null
	ssl.keystore.password = null
	ssl.keystore.type = JKS
	ssl.protocol = TLSv1.3
	ssl.provider = null
	ssl.secure.random.implementation = null
	ssl.trustmanager.algorithm = PKIX
	ssl.truststore.certificates = null
	ssl.truststore.location = null
	ssl.truststore.password = null
	ssl.truststore.type = JKS
	transaction.timeout.ms = 60000
	transactional.id = null
	value.serializer = class org.springframework.kafka.support.serializer.JsonSerializer

2026-05-07 11:48:45 [http-nio-8081-exec-1] INFO  o.a.k.c.t.i.KafkaMetricsCollector - initializing Kafka metrics collector
2026-05-07 11:48:45 [http-nio-8081-exec-1] INFO  o.a.k.clients.producer.KafkaProducer - [Producer clientId=auth-service-producer-1] Instantiated an idempotent producer.
2026-05-07 11:48:45 [http-nio-8081-exec-1] INFO  o.a.kafka.common.utils.AppInfoParser - Kafka version: 3.8.1
2026-05-07 11:48:45 [http-nio-8081-exec-1] INFO  o.a.kafka.common.utils.AppInfoParser - Kafka commitId: 70d6ff42debf7e17
2026-05-07 11:48:45 [http-nio-8081-exec-1] INFO  o.a.kafka.common.utils.AppInfoParser - Kafka startTimeMs: 1778129325308
2026-05-07 11:48:45 [kafka-producer-network-thread | auth-service-producer-1] INFO  org.apache.kafka.clients.Metadata - [Producer clientId=auth-service-producer-1] Cluster ID: ycnzCVKTQ5KdSCiYTHatEg
2026-05-07 11:48:45 [kafka-producer-network-thread | auth-service-producer-1] INFO  o.a.k.c.p.i.TransactionManager - [Producer clientId=auth-service-producer-1] ProducerId set to 1 with epoch 0
2026-05-07 11:48:45 [http-nio-8081-exec-3] INFO  com.r2s.auth.service.AuthService - Login attempt for user: e2euser_6208
2026-05-07 11:48:45 [http-nio-8081-exec-3] INFO  com.r2s.auth.service.AuthService - User logged in successfully: e2euser_6208
2026-05-07 11:48:46 [http-nio-8081-exec-8] INFO  com.r2s.auth.service.AuthService - Login attempt for user: e2euser_6208
2026-05-07 11:48:46 [http-nio-8081-exec-9] INFO  com.r2s.auth.service.AuthService - Registering new user: e2euser_6208
2026-05-07 11:48:46 [http-nio-8081-exec-9] WARN  com.r2s.auth.service.AuthService - Registration failed - username already exists: e2euser_6208
2026-05-07 11:56:30 [http-nio-8081-exec-2] INFO  com.r2s.auth.service.AuthService - Registering new user: e2euser_247
2026-05-07 11:56:30 [http-nio-8081-exec-2] INFO  com.r2s.auth.service.AuthService - User registered successfully: e2euser_247
2026-05-07 11:56:30 [http-nio-8081-exec-2] INFO  c.r2s.auth.kafka.UserEventProducer - Sending UserRegistered event: e2euser_247
2026-05-07 11:56:30 [http-nio-8081-exec-1] INFO  com.r2s.auth.service.AuthService - Login attempt for user: e2euser_247
2026-05-07 11:56:30 [http-nio-8081-exec-1] INFO  com.r2s.auth.service.AuthService - User logged in successfully: e2euser_247
2026-05-07 11:56:31 [http-nio-8081-exec-7] INFO  com.r2s.auth.service.AuthService - Login attempt for user: e2euser_247
2026-05-07 11:56:31 [http-nio-8081-exec-5] INFO  com.r2s.auth.service.AuthService - Registering new user: e2euser_247
2026-05-07 11:56:31 [http-nio-8081-exec-5] WARN  com.r2s.auth.service.AuthService - Registration failed - username already exists: e2euser_247
2026-05-07 11:58:00 [kafka-producer-network-thread | auth-service-producer-1] INFO  o.apache.kafka.clients.NetworkClient - [Producer clientId=auth-service-producer-1] Node -1 disconnected.
2026-05-07 12:07:45 [kafka-producer-network-thread | auth-service-producer-1] INFO  o.apache.kafka.clients.NetworkClient - [Producer clientId=auth-service-producer-1] Node -1 disconnected.
2026-05-07 12:13:52 [background-preinit] INFO  o.h.validator.internal.util.Version - HV000001: Hibernate Validator 8.0.2.Final
2026-05-07 12:13:52 [main] INFO  com.r2s.auth.AuthServiceApplication - Starting AuthServiceApplication using Java 21.0.9 with PID 35128 (D:\HOME-HAN\FPT\R2S\OJT\user-access-management\auth-service\target\classes started by MY PC in D:\HOME-HAN\FPT\R2S\OJT\user-access-management\auth-service)
2026-05-07 12:13:52 [main] DEBUG com.r2s.auth.AuthServiceApplication - Running with Spring Boot v3.4.4, Spring v6.2.5
2026-05-07 12:13:52 [main] INFO  com.r2s.auth.AuthServiceApplication - The following 1 profile is active: "dev"
2026-05-07 12:13:52 [main] INFO  o.s.d.r.c.RepositoryConfigurationDelegate - Bootstrapping Spring Data JPA repositories in DEFAULT mode.
2026-05-07 12:13:52 [main] INFO  o.s.d.r.c.RepositoryConfigurationDelegate - Finished Spring Data repository scanning in 28 ms. Found 1 JPA repository interface.
2026-05-07 12:13:53 [main] INFO  o.s.b.w.e.tomcat.TomcatWebServer - Tomcat initialized with port 8081 (http)
2026-05-07 12:13:53 [main] INFO  o.a.coyote.http11.Http11NioProtocol - Initializing ProtocolHandler ["http-nio-8081"]
2026-05-07 12:13:53 [main] INFO  o.a.catalina.core.StandardService - Starting service [Tomcat]
2026-05-07 12:13:53 [main] INFO  o.a.catalina.core.StandardEngine - Starting Servlet engine: [Apache Tomcat/10.1.39]
2026-05-07 12:13:53 [main] INFO  o.a.c.c.C.[Tomcat].[localhost].[/] - Initializing Spring embedded WebApplicationContext
2026-05-07 12:13:53 [main] INFO  o.s.b.w.s.c.ServletWebServerApplicationContext - Root WebApplicationContext: initialization completed in 1184 ms
2026-05-07 12:13:53 [main] INFO  com.zaxxer.hikari.HikariDataSource - HikariPool-1 - Starting...
2026-05-07 12:13:53 [main] INFO  com.zaxxer.hikari.pool.HikariPool - HikariPool-1 - Added connection org.postgresql.jdbc.PgConnection@5503c7d
2026-05-07 12:13:53 [main] INFO  com.zaxxer.hikari.HikariDataSource - HikariPool-1 - Start completed.
2026-05-07 12:13:53 [main] INFO  org.flywaydb.core.FlywayExecutor - Database: jdbc:postgresql://localhost:5432/auth-service (PostgreSQL 18.3)
2026-05-07 12:13:53 [main] WARN  o.f.c.i.database.base.Database - Flyway upgrade recommended: PostgreSQL 18.3 is newer than this version of Flyway and support has not been tested. The latest supported version of PostgreSQL is 17.
2026-05-07 12:13:53 [main] INFO  o.f.core.internal.command.DbValidate - Successfully validated 2 migrations (execution time 00:00.023s)
2026-05-07 12:13:54 [main] INFO  o.f.core.internal.command.DbMigrate - Current version of schema "public": 1
2026-05-07 12:13:54 [main] INFO  o.f.core.internal.command.DbMigrate - Schema "public" is up to date. No migration necessary.
2026-05-07 12:13:54 [main] INFO  o.h.jpa.internal.util.LogHelper - HHH000204: Processing PersistenceUnitInfo [name: default]
2026-05-07 12:13:54 [main] INFO  org.hibernate.Version - HHH000412: Hibernate ORM core version 6.6.11.Final
2026-05-07 12:13:54 [main] INFO  o.h.c.i.RegionFactoryInitiator - HHH000026: Second-level cache disabled
2026-05-07 12:13:54 [main] INFO  o.s.o.j.p.SpringPersistenceUnitInfo - No LoadTimeWeaver setup: ignoring JPA class transformer
2026-05-07 12:13:54 [main] WARN  org.hibernate.orm.deprecation - HHH90000025: PostgreSQLDialect does not need to be specified explicitly using 'hibernate.dialect' (remove the property setting and it will be selected by default)
2026-05-07 12:13:54 [main] INFO  o.hibernate.orm.connections.pooling - HHH10001005: Database info:
	Database JDBC URL [Connecting through datasource 'HikariDataSource (HikariPool-1)']
	Database driver: undefined/unknown
	Database version: 18.3
	Autocommit mode: undefined/unknown
	Isolation level: undefined/unknown
	Minimum pool size: undefined/unknown
	Maximum pool size: undefined/unknown
2026-05-07 12:13:54 [main] INFO  o.h.e.t.j.p.i.JtaPlatformInitiator - HHH000489: No JTA platform available (set 'hibernate.transaction.jta.platform' to enable JTA platform integration)
2026-05-07 12:13:54 [main] INFO  o.s.o.j.LocalContainerEntityManagerFactoryBean - Initialized JPA EntityManagerFactory for persistence unit 'default'
2026-05-07 12:13:55 [main] DEBUG c.r2s.auth.security.RateLimitFilter - Filter 'rateLimitFilter' configured for use
2026-05-07 12:13:55 [main] DEBUG com.r2s.auth.security.JwtFilter - Filter 'jwtFilter' configured for use
2026-05-07 12:13:55 [main] INFO  o.s.s.c.a.a.c.InitializeUserDetailsBeanManagerConfigurer$InitializeUserDetailsManagerConfigurer - Global AuthenticationManager configured with UserDetailsService bean with name customUserDetailsService
2026-05-07 12:13:55 [main] INFO  o.s.b.a.e.web.EndpointLinksResolver - Exposing 4 endpoints beneath base path '/actuator'
2026-05-07 12:13:56 [main] INFO  o.a.coyote.http11.Http11NioProtocol - Starting ProtocolHandler ["http-nio-8081"]
2026-05-07 12:13:56 [main] INFO  o.s.b.w.e.tomcat.TomcatWebServer - Tomcat started on port 8081 (http) with context path '/'
2026-05-07 12:13:56 [main] INFO  com.r2s.auth.AuthServiceApplication - Started AuthServiceApplication in 4.345 seconds (process running for 4.575)
2026-05-07 12:14:24 [http-nio-8081-exec-1] INFO  o.a.c.c.C.[Tomcat].[localhost].[/] - Initializing Spring DispatcherServlet 'dispatcherServlet'
2026-05-07 12:14:24 [http-nio-8081-exec-1] INFO  o.s.web.servlet.DispatcherServlet - Initializing Servlet 'dispatcherServlet'
2026-05-07 12:14:24 [http-nio-8081-exec-1] INFO  o.s.web.servlet.DispatcherServlet - Completed initialization in 1 ms
2026-05-07 12:14:24 [http-nio-8081-exec-1] INFO  com.r2s.auth.service.AuthService - Registering new user: e2euser_14468
2026-05-07 12:14:24 [http-nio-8081-exec-1] INFO  com.r2s.auth.service.AuthService - User registered successfully: e2euser_14468
2026-05-07 12:14:24 [http-nio-8081-exec-1] INFO  c.r2s.auth.kafka.UserEventProducer - Sending UserRegistered event: e2euser_14468
2026-05-07 12:14:24 [http-nio-8081-exec-1] INFO  o.a.k.c.producer.ProducerConfig - ProducerConfig values: 
	acks = -1
	auto.include.jmx.reporter = true
	batch.size = 16384
	bootstrap.servers = [localhost:9092]
	buffer.memory = 33554432
	client.dns.lookup = use_all_dns_ips
	client.id = auth-service-producer-1
	compression.gzip.level = -1
	compression.lz4.level = 9
	compression.type = none
	compression.zstd.level = 3
	connections.max.idle.ms = 540000
	delivery.timeout.ms = 120000
	enable.idempotence = true
	enable.metrics.push = true
	interceptor.classes = []
	key.serializer = class org.apache.kafka.common.serialization.StringSerializer
	linger.ms = 0
	max.block.ms = 60000
	max.in.flight.requests.per.connection = 5
	max.request.size = 1048576
	metadata.max.age.ms = 300000
	metadata.max.idle.ms = 300000
	metadata.recovery.strategy = none
	metric.reporters = []
	metrics.num.samples = 2
	metrics.recording.level = INFO
	metrics.sample.window.ms = 30000
	partitioner.adaptive.partitioning.enable = true
	partitioner.availability.timeout.ms = 0
	partitioner.class = null
	partitioner.ignore.keys = false
	receive.buffer.bytes = 32768
	reconnect.backoff.max.ms = 1000
	reconnect.backoff.ms = 50
	request.timeout.ms = 30000
	retries = 2147483647
	retry.backoff.max.ms = 1000
	retry.backoff.ms = 100
	sasl.client.callback.handler.class = null
	sasl.jaas.config = null
	sasl.kerberos.kinit.cmd = /usr/bin/kinit
	sasl.kerberos.min.time.before.relogin = 60000
	sasl.kerberos.service.name = null
	sasl.kerberos.ticket.renew.jitter = 0.05
	sasl.kerberos.ticket.renew.window.factor = 0.8
	sasl.login.callback.handler.class = null
	sasl.login.class = null
	sasl.login.connect.timeout.ms = null
	sasl.login.read.timeout.ms = null
	sasl.login.refresh.buffer.seconds = 300
	sasl.login.refresh.min.period.seconds = 60
	sasl.login.refresh.window.factor = 0.8
	sasl.login.refresh.window.jitter = 0.05
	sasl.login.retry.backoff.max.ms = 10000
	sasl.login.retry.backoff.ms = 100
	sasl.mechanism = GSSAPI
	sasl.oauthbearer.clock.skew.seconds = 30
	sasl.oauthbearer.expected.audience = null
	sasl.oauthbearer.expected.issuer = null
	sasl.oauthbearer.jwks.endpoint.refresh.ms = 3600000
	sasl.oauthbearer.jwks.endpoint.retry.backoff.max.ms = 10000
	sasl.oauthbearer.jwks.endpoint.retry.backoff.ms = 100
	sasl.oauthbearer.jwks.endpoint.url = null
	sasl.oauthbearer.scope.claim.name = scope
	sasl.oauthbearer.sub.claim.name = sub
	sasl.oauthbearer.token.endpoint.url = null
	security.protocol = PLAINTEXT
	security.providers = null
	send.buffer.bytes = 131072
	socket.connection.setup.timeout.max.ms = 30000
	socket.connection.setup.timeout.ms = 10000
	ssl.cipher.suites = null
	ssl.enabled.protocols = [TLSv1.2, TLSv1.3]
	ssl.endpoint.identification.algorithm = https
	ssl.engine.factory.class = null
	ssl.key.password = null
	ssl.keymanager.algorithm = SunX509
	ssl.keystore.certificate.chain = null
	ssl.keystore.key = null
	ssl.keystore.location = null
	ssl.keystore.password = null
	ssl.keystore.type = JKS
	ssl.protocol = TLSv1.3
	ssl.provider = null
	ssl.secure.random.implementation = null
	ssl.trustmanager.algorithm = PKIX
	ssl.truststore.certificates = null
	ssl.truststore.location = null
	ssl.truststore.password = null
	ssl.truststore.type = JKS
	transaction.timeout.ms = 60000
	transactional.id = null
	value.serializer = class org.springframework.kafka.support.serializer.JsonSerializer

2026-05-07 12:14:24 [http-nio-8081-exec-1] INFO  o.a.k.c.t.i.KafkaMetricsCollector - initializing Kafka metrics collector
2026-05-07 12:14:25 [http-nio-8081-exec-1] INFO  o.a.k.clients.producer.KafkaProducer - [Producer clientId=auth-service-producer-1] Instantiated an idempotent producer.
2026-05-07 12:14:25 [http-nio-8081-exec-1] INFO  o.a.kafka.common.utils.AppInfoParser - Kafka version: 3.8.1
2026-05-07 12:14:25 [http-nio-8081-exec-1] INFO  o.a.kafka.common.utils.AppInfoParser - Kafka commitId: 70d6ff42debf7e17
2026-05-07 12:14:25 [http-nio-8081-exec-1] INFO  o.a.kafka.common.utils.AppInfoParser - Kafka startTimeMs: 1778130865053
2026-05-07 12:14:25 [kafka-producer-network-thread | auth-service-producer-1] INFO  org.apache.kafka.clients.Metadata - [Producer clientId=auth-service-producer-1] Cluster ID: ycnzCVKTQ5KdSCiYTHatEg
2026-05-07 12:14:25 [kafka-producer-network-thread | auth-service-producer-1] INFO  o.a.k.c.p.i.TransactionManager - [Producer clientId=auth-service-producer-1] ProducerId set to 2 with epoch 0
2026-05-07 12:14:25 [http-nio-8081-exec-3] INFO  com.r2s.auth.service.AuthService - Login attempt for user: e2euser_14468
2026-05-07 12:14:25 [http-nio-8081-exec-3] INFO  com.r2s.auth.service.AuthService - User logged in successfully: e2euser_14468
2026-05-07 12:14:25 [http-nio-8081-exec-6] INFO  com.r2s.auth.service.AuthService - Login attempt for user: e2euser_14468
2026-05-07 12:14:26 [http-nio-8081-exec-6] WARN  c.r.a.exception.AuthExceptionHandler - Bad credentials: Invalid password
2026-05-07 12:14:26 [http-nio-8081-exec-8] INFO  com.r2s.auth.service.AuthService - Registering new user: e2euser_14468
2026-05-07 12:14:26 [http-nio-8081-exec-8] WARN  com.r2s.auth.service.AuthService - Registration failed - username already exists: e2euser_14468
2026-05-07 12:14:26 [http-nio-8081-exec-8] WARN  c.r.a.exception.AuthExceptionHandler - Bad request: Username already exists: e2euser_14468
2026-05-07 12:23:25 [kafka-producer-network-thread | auth-service-producer-1] INFO  o.apache.kafka.clients.NetworkClient - [Producer clientId=auth-service-producer-1] Node -1 disconnected.
2026-05-07 12:33:25 [kafka-producer-network-thread | auth-service-producer-1] INFO  o.apache.kafka.clients.NetworkClient - [Producer clientId=auth-service-producer-1] Node -1 disconnected.
